8,Tehran,thra,80,51.4167,35.7,Iran,35.5293,35.8493,51.2296,51.5496
9,Tashkent,tas,191,69.2667,41.3,Uzbekistan,41.1523,41.4723,69.1187,69.4387
10,Sanaa,sah,195,44.2,15.35,Yemen,15.1939,15.5139,44.0459,44.3659
11,Phnom Penh,pnh,31,104.921,11.5696,Cambodia,11.4083,11.7283,104.7624,105.0824
12,Naypyidaw,nyt,120,96.1344976,19.7540045,Myanmar,19.594,19.914,95.9745,96.2945
13,Muscat,mct,132,58.5922,23.6139,Oman,23.5222,23.6564,58.2266,58.6485
14,Manila,mnlp,140,120.9772,14.5958,Philippines,14.4349,14.7549,120.8183,121.1383
15,Male,mle,106,73.5083,4.175,Maldives,4.1683,4.2412,73.4545,73.5519
16,Lhasa,lxa,37,91.1,29.65,China,29.2407,31.0575,89.7528,92.6245
17,Kuwait City,kwi,92,47.98,29.375,Kuwait,29.2197,29.5397,47.8136,48.1336
18,Kathmandu,ktm,123,85.3667,27.7167,Nepal,27.5483,27.8683,85.1606,85.4806
19,Kabul,kbl,1,69.1658,34.5328,Afghanistan,34.366,34.686,69.0177,69.3377
20,Islamabad,isb,133,73.0369,33.6989,Pakistan,33.5338,33.8538,72.9052,73.2252
21,Dushanbe,dyu,174,68.7864,38.5731,Tajikistan,38.4511,38.6406,68.6577,68.9642
22,Doha,doh,143,51.5333,25.3,Qatar,25.1505,25.393,51.3958,51.6471
23,Dhaka,dac,14,90.3961,23.7161,Bangladesh,23.6262,23.9462,90.2426,90.5626
24,Colombo,cmba,167,79.8333,6.9167,Sri Lanka,6.7787,7.0987,79.6941,80.0141
25,Bishkek,fru,93,74.5667,42.8667,Kyrgyzstan,42.7874,42.9719,74.4936,74.7178
26,Beirut,bey,96,35.5131,33.8869,Lebanon,33.8623,33.9161,35.4668,35.5426
27,Bandar Seri Begawan,bwn,25,114.9167,4.9167,Brunei,4.7295,5.0495,114.7818,115.1018
28,Baghdad,bgw,81,44.4167,33.35,Iraq,33.1424,33.4624,44.2188,44.5388
29,Astana ,nqz,88,71.4333,51.1333,Kazakhstan,51.0007,51.3511,71.2244,71.7852
30,Ashgabat,asb,183,58.3833,37.95,Turkmenistan,37.7686,38.1054,57.9923,58.4786
31,Amman,amma,87,35.9333,31.95,Jordan,31.7916,32.1116,35.764,36.084
32,Manama,bah,13,50.5831,26.2167,Bahrain,26.0635,26.3835,50.4222,50.7422
33,Tbilisi,tbs,64,44.7925,41.7225,Georgia,41.6204,41.8434,44.5969,45.0178
34,Baku,gyd,11,49.8352,40.3667,Azerbaijan,40.3004,40.4413,49.76,50.0013
35,Yerevan,evn,8,44.5144,40.1814,Armenia,40.0654,40.2418,44.3618,44.6248
36,Honolulu,hnl,189,-157.846,21.3294,USA,21.2548,21.4022,-157.9536,-157.6486
37,San Francisco,sfo,189,-122.443,37.7562,USA,37.6403,37.9298,-123.1738,-122.2815
38,Orlando,orlb,189,-81.3369,28.4772,USA,28.3481,28.6143,-81.5075,-81.2276
39,Las Vegas,lasa,189,-115.2654,36.2333,USA,36.1296,36.3808,-115.4243,-115.0621
40,Los Angeles,laxa,189,-118.4068,34.1139,USA,33.6595,34.3373,-118.6682,-118.1553
41,Miami,mia,189,-80.2102,25.7839,USA,25.7091,25.8558,-80.3198,-80.1392
42,New York,nyca,189,-73.9249,40.6943,USA,40.4774,40.9162,-74.2591,-73.7002
43,Johannesburg,jnba,163,28.0416,-26.2044,South Africa,-26.365,-26.045,27.8897,28.2097
44,Dammam,dmm,153,50.1,26.4333,Saudi Arabia,26.2768,26.5968,49.944,50.264
45,Riyadh,ruh,153,46.71,24.65,Saudi Arabia,24.4789,24.7989,46.556,46.876
47,Cancun,cun,112,-86.8510468,21.1617854,Mexico,21.0298,21.213,-86.9712,-86.7405
48,Fukuoka,fuk,86,130.4019,33.5903,Japan,33.425,34.0627,129.8716,130.4949
50,Kyoto,,86,135.7669,35.0111,Japan,34.8749,35.3212,135.559,135.8784
51,Osaka,osaa,86,135.5019,34.6936,Japan,34.5862,34.7688,135.31,135.5993
52,Jerusalem,,83,35.2167,31.7833,Israel,31.7096,31.8827,35.0852,35.265
53,Batam,bth,79,104.0378246,1.1061034,Indonesia,0.4625,1.2047,103.6514,104.3707
55,Kolkata,ccu,78,88.3378,22.5411,India,22.4503,22.6325,88.2406,88.459
56,Jaipur,jai,78,75.8667,26.9167,India,26.7555,27.0755,75.659,75.979
57,Chennai,maa,78,80.275,13.0825,India,12.9237,13.2437,80.1102,80.4302
58,Hurgada,hrg,52,33.8307062,27.222556,Egypt,27.0626,27.3826,33.6707,33.9907
59,Beijing,any,37,116.3914,39.905,China,39.7462,40.0662,116.2313,116.5513
60,Zhuhai,zuh,37,113.5678,22.2769,China,21.6606,22.4858,113.0582,114.3889
61,Guilin,kwl,37,110.2833,25.2667,China,25.0787,25.3987,110.0151,110.3351
62,Vancouver,yvra,33,-123.1,49.25,Canada,49.1984,49.3162,-123.225,-123.0232
63,Toronto,ytoa,33,-79.3733,43.7417,Canada,43.6104,43.736,-79.4928,-79.2785
64,Rio de Janeiro,rioa,24,-43.1964,-22.9083,Brazil,-23.0827,-22.7461,-43.7963,-43.0991
65,Buenos Aires,buea,7,-58.3819,-34.5997,Argentina,-34.7056,-34.5266,-58.5314,-58.3351
66,Bangalore,blr,78,77.598,12.9699,India,12.834,13.1437,77.4601,77.7841
67,Krabi,kbv,176,98.9189,8.0592,Thailand,8.0211,8.1011,98.8762,98.9562
68,Jeju,cju,164,126.5219,33.5097,South Korea,33.3331,33.6531,126.3531,126.6731
69,Abu Dhabi,auha,187,54.3686,24.4781,United Arab Emirates,24.281,24.6019,54.2972,54.7659
70,Auckland,akl,125,174.7833,-36.85,New Zealand,-37.0121,-36.6921,174.6032,174.9232
71,Cebu,ceb,140,123.9,10.3,Philippines,10.2463,10.4958,123.7534,123.9302
72,Sydney,syd,9,151.2094,-33.865,Australia,-34.1732,-33.3642,150.2608,151.3439
73,Melbourne,mela,9,144.9631,-37.8136,Australia,-38.4994,-37.4017,144.4441,146.1925
74,Marrakech,rak,118,-7.9811,31.6295,Morocco,31.5442,31.7103,-8.0893,-7.8847
75,Penang Island,pen,105,100.250172,5.3787924,Malaysia,5.2569,5.4829,100.1752,100.3466
76,Jakarta,cgki,79,106.8451,-6.2146,Indonesia,-6.3745,-4.9994,106.3147,106.974
77,Ha Noi,han,194,105.8544441,21.0294498,Vietnam,20.5645,21.3853,105.2849,106.0201
78,Cairo,cai,52,31.2394,30.0561,Egypt,29.8844,30.2044,31.0757,31.3957
79,Johor Bahru,jhb,105,103.7611,1.4556,Malaysia,1.3436,1.6636,103.5896,103.9096
80,Denpasar,dps,79,115.2167,-8.6667,Indonesia,-8.7525,-8.5908,115.1732,115.2741
81,Ho Chi Minh,sgn,194,106.7017555,10.7758439,Vietnam,10.6158,10.9358,106.5418,106.8618
82,Shanghai,csha,37,121.4667,31.1667,China,31.0723,31.3923,121.3092,121.6292
83,Seoul,sela,164,127.0,37.5833,South Korea,37.4285,37.7014,126.7644,127.1838
84,Medina,med,153,39.6,24.4667,Saudi Arabia,24.3112,24.6312,39.4511,39.7711
85,Guangzhou,can,37,113.259,23.1288,China,22.5177,23.9357,112.9534,114.0548
86,Mecca,jed,153,39.8261,21.4225,Saudi Arabia,21.2608,21.5808,39.6669,39.9869
87,Taipei,tpet,173,121.5319,25.0478,Taiwan,24.8775,25.1975,121.4037,121.7237
88,Pattaya,utp,176,100.9009534,12.931941,Thailand,12.8545,13.0127,100.7251,100.9334
89,Tokyo,tyoa,86,139.6922,35.6897,Japan,20.2146,35.8984,135.8537,154.2055
90,Phuket,hkt,176,98.3975,7.8881,Thailand,7.728,8.048,98.2319,98.5519
91,Mumbai,bom,78,72.8333,18.9667,India,18.894,19.2695,72.7763,72.9817
92,Shenzhen,szx,37,114.054,22.535,China,22.2573,22.8644,113.6794,114.6462
93,Delhi,del,78,77.23,28.66,India,28.4917,28.8117,77.0619,77.3819
94,Kuala Lumpur,kulm,105,101.6953,3.1478,Malaysia,3.0334,3.2447,101.6152,101.7585
95,Dubai,dzba,187,55.3094,25.2697,United Arab Emirates,25.1053,25.4253,55.1325,55.4525
96,Singapore,sins,158,103.8,1.3,Singapore,1.1305,1.4505,103.692,104.012
97,Macau,mfm,37,113.545,22.203,China,22.0299,22.3499,113.378,113.698
98,Bangkok,bkkt,176,100.5167,13.75,Thailand,13.5925,13.9125,100.3335,100.6535
99,Hong Kong,hkga,37,114.185,22.305,China,22.1927,22.3003,114.1099,114.309
100,Antwerp,anr,17,4.3997,51.2211,Belgium,51.0611,51.3811,4.2397,4.5597
101,Aberdeen,abz,188,-2.11,57.15,United Kingdom,57.0762,57.2353,-2.3609,-2.0162
102,Augsburg,agb,65,10.8983,48.3717,Germany,48.2581,48.4587,10.7634,10.9593
103,Alexandroupoli,axd,67,25.8667,40.85,Greece,40.6857,41.0057,25.7153,26.0353
104,Athens,ath,67,23.7161,37.9794,Greece,37.8239,38.1439,23.5683,23.8883
105,Alicante,alc,166,-0.4831,38.3453,Spain,38.1604,38.5371,-0.6567,-0.3751
106,Almeria,lei,166,-2.4628135,36.8414197,Spain,36.6814,37.0014,-2.6228,-2.3028
107,Aalborg,aal,47,9.9166,57.0337,Denmark,56.8863,57.2063,9.7615,10.0815
108,Aarhus,aar,47,10.2107,56.1572,Denmark,55.9896,56.3096,10.0534,10.3734
109,Ancona,aoi,84,13.5167,43.6167,Italy,43.5085,43.6315,13.3762,13.6091
111,Amsterdam,ams,124,4.9166,52.35,Netherlands,52.2782,52.4311,4.7288,5.0792
112,Alanya,gzp,182,31.9997,36.5436,Turkey,36.5037,36.5837,31.9619,32.0419
113,Ankara,esb,182,32.85,39.93,Turkey,39.7608,40.0808,32.694,33.014
114,Antalya,ayt,182,30.6956,36.9081,Turkey,36.741,37.061,30.5355,30.8555
115,Altenrhein,ach,171,9.5540541,47.4903839,Switzerland,47.4704,47.5104,9.5341,9.5741
116,Brussels,brus,17,4.3517,50.8467,Belgium,50.7964,50.8905,4.3355,4.402
117,Burgas,boj,26,27.4667,42.5,Bulgaria,42.3337,42.6537,27.3121,27.6321
118,Banja Luka,bnx,22,17.1833,44.7667,Bosnia and Herzegovina,44.6121,44.9321,17.0318,17.3518
119,Belfast,belf,188,-5.93,54.5964,United Kingdom,54.4364,54.7564,-6.0902,-5.7702
120,Birmingham,bhx,188,-1.9025,52.48,United Kingdom,52.3811,52.6087,-2.0336,-1.7288
121,Bournemouth,boh,188,-1.88,50.72,United Kingdom,50.6795,50.7595,-1.9168,-1.8368
122,Bristol,brs,188,-2.5833,51.45,United Kingdom,51.3973,51.5444,-2.7184,-2.5104
123,Budapest,bud,76,19.0408,47.4983,Hungary,47.3497,47.6131,18.9251,19.3349
124,Berlin,ber,65,13.3833,52.5167,Germany,52.3382,52.6755,13.0883,13.7612
126,Bremen,bre,65,8.7975,53.1153,Germany,53.011,53.5984,8.4816,8.9907
127,Billund,bll,47,9.1159357,55.7309428,Denmark,55.7047,55.7447,9.0996,9.1396
128,Barcelona,bcn,166,2.1769,41.3825,Spain,41.2229,41.5429,2.0174,2.3374
129,Bilbao,bio,166,-2.9533,43.2622,Spain,43.2137,43.2901,-2.986,-2.8803
130,Bologna,blq,84,11.3428,44.4939,Italy,44.421,44.5561,11.2296,11.4336
131,Bergen,bgo,131,5.3233,60.3925,Norway,60.1761,60.5361,5.1446,5.6868
132,Bodo,boo,131,14.3751,67.2827,Norway,67.1244,67.4444,14.2217,14.5417
134,Bucharest,otp,144,26.0833,44.4,Romania,44.3342,44.5414,25.9667,26.2256
135,Belgrade,beli,155,20.4667,44.8167,Serbia,44.688,44.9427,20.2214,20.6232
136,Bratislava,bts,159,17.1128,48.1447,Slovakia,48.0067,48.2651,16.946,17.2845
137,Bordeaux,bod,61,-0.58,44.84,France,44.8108,44.9162,-0.6387,-0.5337
139,Brno,brq,45,16.6083,49.1953,Czech Republic,49.1099,49.2944,16.428,16.7278
140,Basel,bsl,171,7.5906,47.5606,Switzerland,47.5193,47.5899,7.5547,7.6341
141,Bern,brn,171,7.4474,46.948,Switzerland,46.919,46.9902,7.2943,7.4956
142,Cardiff,cwl,188,-3.1791934,51.4816546,United Kingdom,51.3217,51.6417,-3.3392,-3.0192
145,Cologne,cgn,65,6.9578,50.9422,Germany,50.8304,51.085,6.7725,7.162
146,Corfu,cfu,67,19.8596189,39.591337,Greece,39.3604,39.8222,19.6285,20.1222
147,Copenhagen,cope,47,12.5635,55.6786,Denmark,55.5267,55.8467,12.4101,12.7301
150,Cork,ork,82,-8.4731,51.9,Ireland,51.8273,51.9701,-8.6379,-8.3551
151,Cagliari,cag,84,9.104,39.2224,Italy,39.158,39.2828,9.0063,9.1818
152,Catania,cta,84,15.0873,37.5027,Italy,37.3583,37.5624,14.9359,15.1258
153,Cluj-Napoca,clj,144,23.5594,46.78,Romania,46.69,46.8618,23.4992,23.7183
154,Clermont-Ferrand,cfe,61,3.0824,45.7831,France,45.7557,45.8184,3.0533,3.1722
155,Chambery,cmf,61,5.9118,45.57,France,45.5481,45.6164,5.8712,5.9414
156,Cherbourg,cfr,61,-1.65,49.6504,France,49.6025,49.6825,-1.665,-1.585
158,Doncaster,dsa,188,-1.133,53.515,United Kingdom,53.4057,53.6612,-1.3487,-0.8653
159,Dortmund,dtm,65,7.4653,51.5139,Germany,51.4155,51.6,7.3024,7.6382
160,Dresden,drs,65,13.7384,51.0493,Germany,50.8893,51.2093,13.5781,13.8981
161,Dusseldorf,duss,65,6.7763137,51.2254018,Germany,51.1244,51.3525,6.6888,6.9399
162,Dublin,dub,82,-6.2658,53.3425,Ireland,53.2987,53.4105,-6.387,-6.1149
163,Dalaman,dlm,182,28.8831401,36.8125748,Turkey,36.7264,36.8064,28.7683,28.8483
164,Dubrovnik,dbv,42,18.1083,42.6403,Croatia,42.6209,42.6706,18.0462,18.1418
165,Castle Donington,ema,188,-0.6717948,52.7965611,United Kingdom,52.8217,52.8691,-1.3978,-1.3184
166,Edinburgh,edi,188,-3.189,55.953,United Kingdom,55.8188,56.0041,-3.4495,-3.075
167,Exeter,ext,188,-3.5333,50.7167,United Kingdom,50.6732,50.7615,-3.5702,-3.4511
169,Esbjerg,ebj,47,8.45,55.467,Denmark,55.3065,55.6265,8.2921,8.6121
171,Eilat,etm,83,34.9497949,29.5569348,Israel,29.4878,29.7631,34.8664,35.0228
172,Eindhoven,ein,124,5.5,51.43,Netherlands,51.2793,51.5993,5.3186,5.6386
174,Frankfurt,fran,65,8.6797,50.1136,Germany,50.0155,50.2271,8.4728,8.8005
175,Friedrichshafen,fdh,65,9.4792,47.6542,Germany,47.61,47.69,9.4401,9.5201
176,Fuerteventura,fue,166,-14.0048697,28.4003769,Spain,28.0435,28.766,-14.5097,-13.8108
177,Florence,flr,84,11.2542,43.7714,Italy,43.7259,43.8355,11.1498,11.3389
178,Floro,fro,131,5.0172,61.5986,Norway,61.5601,61.6401,4.9916,5.0716
179,Faro,fao,142,-7.9333,37.0167,Portugal,36.9617,37.1458,-8.0065,-7.8054
180,Funchal,fnc,142,-16.9167,32.65,Portugal,30.0288,32.7357,-16.9697,-15.8537
181,Graz,grz,10,15.4333,47.0667,Austria,47.0119,47.1345,15.3497,15.5342
183,Guernsey,gci,188,-7.374733,57.1669969,United Kingdom,35.5293,35.8493,51.2296,51.5496
184,Glasgow,glas,188,-4.2514,55.8609,United Kingdom,55.701,56.021,-4.4089,-4.0889
185,Gloucestershire,glo,188,-2.1880662,51.7643786,United Kingdom,35.5293,35.8493,51.2296,51.5496
186,Granada,grx,166,-3.6008,37.1781,Spain,37.1367,37.225,-3.7004,-3.4963
187,Girona,gro,166,2.8167,41.9833,Spain,41.9392,42.0297,2.7831,2.8982
189,Genoa,goa,84,8.934,44.4072,Italy,44.2473,44.5673,8.7739,9.0939
190,Groningen,grq,124,6.58,53.2204,Netherlands,53.1786,53.2649,6.4627,6.6669
191,Gdansk,gdn,141,18.6333,54.3667,Poland,54.2749,54.4472,18.4295,18.9502
192,Geneva,gva,171,6.15,46.2,Switzerland,46.1778,46.2319,6.1102,6.1759
193,Gothenburg,goth,170,11.981,57.6717,Sweden,57.5472,57.8672,11.807,12.127
194,Humberside,huy,188,-0.3534607,53.5713963,United Kingdom,35.5293,35.8493,51.2296,51.5496
196,Hamburg,hamb,65,10.0,53.55,Germany,53.3903,53.7103,9.8407,10.1607
197,Hannover,haj,65,9.7386,52.3744,Germany,52.2145,52.5345,9.5786,9.8986
200,Heraklion,her,67,25.1343475,35.3400127,Greece,35.18,35.5,24.9743,25.2943
201,Helsinki,hel,60,24.9342,60.1756,Finland,60.0075,60.3275,24.7827,25.1027
202,Innsbruck,inn,10,11.3933,47.2683,Austria,47.2108,47.3601,11.3016,11.456
203,Inverness,inv,188,-4.2233,57.4781,United Kingdom,57.319,57.639,-4.3857,-4.0657
204,Debrecen,deb,76,21.6392,47.53,Hungary,47.425,47.637,21.4365,21.8833
205,Ibiza,ibz,166,1.4328,38.9089,Spain,38.8304,39.1184,1.2133,1.6216
206,Izmir,izmi,182,27.1434119,38.4147331,Turkey,38.2547,38.5747,26.9834,27.3034
207,Istanbul,ista,182,28.9603,41.01,Turkey,40.8496,41.1696,28.8052,29.1252
208,Jonkoping,jkg,170,14.165719,57.7825634,Sweden,57.6226,57.9426,14.0057,14.3257
209,Klagenfurt,klu,10,14.3,46.6167,Austria,46.5744,46.7087,14.2103,14.4163
210,Baden-Baden,fkb,65,8.4,49.0167,Germany,48.7181,48.7981,8.2015,8.2815
211,Kortrijk,kjk,17,3.2659884,50.8276429,Belgium,50.731,50.8746,3.2008,3.3589
212,Kaunas,kun,101,23.9333,54.9,Lithuania,54.8207,54.9596,23.7535,24.1004
213,Katowice,ktw,141,19.0,50.25,Poland,50.1301,50.2977,18.8915,19.1244
214,Krakow,krk,141,19.9372,50.0614,Poland,49.9019,50.2219,19.7769,20.0969
215,Kosice,ksc,159,21.2496774,48.7172272,Slovakia,48.5572,48.8772,21.0897,21.4097
216,Karlovy Vary,klv,45,12.8725,50.2306,Czech Republic,50.0705,50.3905,12.7111,13.0311
217,Karlstad,ksd,170,13.4999,59.3671,Sweden,59.2209,59.5409,13.3428,13.6628
218,Kuressaare,ure,56,22.4861,58.2533,Estonia,58.2131,58.2733,22.4405,22.5274
219,Linz,lnz,10,14.2833,48.3,Austria,48.1459,48.4659,14.1262,14.4462
220,Liege,lgg,17,5.5907,50.625,Belgium,50.4851,50.8051,5.4134,5.7334
221,Land's End,leq,188,-5.7148222,50.0662633,United Kingdom,35.5293,35.8493,51.2296,51.5496
222,Liverpool,lpl,188,-2.9833,53.4,United Kingdom,53.3115,53.475,-3.0192,-2.818
224,Leeds,lba,188,-1.5492,53.7997,United Kingdom,53.699,53.9459,-1.8004,-1.2904
225,London,lond,188,-0.1275,51.5072,United Kingdom,51.3473,51.6673,-0.2876,0.0324
227,Lanzarote,ace,166,-13.634,29.013,Spain,28.8384,29.4161,-13.8823,-13.332
228,Las Palmas de Gran Canaria,lpa,166,-15.41343,28.09973,Spain,28.0243,28.1814,-15.5253,-15.3935
230,Lamezia Terme,suf,84,16.3021451,38.9645069,Italy,38.8493,39.0235,16.215,16.3686
231,Larnaca,lca,44,33.6305,34.9233,Cyprus,34.7636,35.0836,33.4636,33.7836
232,Liepaja,lpx,95,21.0111,56.5083,Latvia,56.4653,56.6091,20.9823,21.1057
233,Luxembourg,lux,102,6.1328,49.6106,Luxembourg,49.561,49.6549,6.0692,6.2036
235,Lisbon,lis,142,-9.1604,38.7452,Portugal,38.6914,38.7968,-9.2298,-9.0863
236,Ljubljana,lju,160,14.5167,46.05,Slovenia,45.89,46.21,14.3469,14.6669
237,Lappeenranta,lpp,60,28.1861,61.0583,Finland,60.6667,61.2847,27.7105,28.7772
239,Lille,lil,61,3.0583,50.6278,France,50.6008,50.6613,2.968,3.1257
240,Lyon,lyon,61,4.84,45.76,France,45.7074,45.8083,4.7718,4.8984
241,Lugano,lug,171,8.9625,46.0103,Switzerland,45.9397,46.1192,8.8998,9.0896
242,Lulea,lla,170,22.1459535,65.5831187,Sweden,65.4231,65.7431,21.986,22.306
243,Manchester,man,188,-2.2453,53.4794,United Kingdom,53.3401,53.5446,-2.3199,-2.1468
244,Mannheim,mhg,65,8.4661,49.4878,Germany,49.4104,49.5905,8.4142,8.59
245,Memmingen,fmm,65,10.1811,47.9878,Germany,47.9155,48.0475,10.0848,10.2339
246,Muenster,fmo,65,7.6251879,51.9625101,Germany,35.5293,35.8493,51.2296,51.5496
247,Munich,muc,65,11.5755,48.1372,Germany,48.0616,48.2481,11.3608,11.7229
248,Madrid,mad,166,-3.6919,40.4189,Spain,40.2567,40.5767,-3.8636,-3.5436
249,Malaga,agp,166,-4.4216366,36.7213028,Spain,36.6357,36.894,-4.5879,-4.2605
250,Mahon,mah,82,-8.4042476,51.8922026,Ireland,51.8722,51.9122,-8.4242,-8.3842
251,Murcia,rmu,166,-1.1415,37.9866,Spain,37.7159,38.1179,-1.3848,-0.8509
252,Milan,mila,84,9.19,45.4669,Italy,45.3867,45.5358,9.0409,9.2781
253,Malta,mla,108,-73.7879,42.9853,Malta,35.8061,35.9983,14.3189,14.5765
255,Maastricht,mst,124,5.677,50.853,Netherlands,50.8038,50.912,5.6389,5.7629
257,Milas,bjv,182,27.8085702,37.2745504,Turkey,37.2715,37.3515,27.7408,27.8208
259,Marseille,mrs,61,5.37,43.2964,France,43.1362,43.4562,5.21,5.53
260,Metz,etz,61,6.1778,49.1203,France,49.0608,49.1488,6.136,6.2565
261,Montpellier,mpl,61,3.8772,43.6119,France,43.5667,43.6534,3.8071,3.9413
262,Malmo,mmx,170,13.0001566,55.6052931,Sweden,55.548,55.652,12.9109,13.1295
263,Norwich,nwi,188,1.297,52.63,United Kingdom,52.5554,52.6849,1.2039,1.5408
264,Newcastle,ncl,188,-1.6578,55.0077,United Kingdom,54.959,55.0794,-1.7757,-1.5292
265,Newquay,nqy,188,-5.0757,50.412,United Kingdom,50.3985,50.4493,-5.1263,-5.0223
266,Nuremberg,nue,65,11.0778,49.4528,Germany,49.3314,49.5408,10.9887,11.2826
267,Naples,nap,84,14.25,40.8333,Italy,40.7912,40.9161,14.1321,14.3538
268,Constanta,cnd,144,28.6383,44.1733,Romania,44.0842,44.2728,28.5091,28.7136
269,Nantes,nte,61,-1.5528,47.2181,France,47.1806,47.2959,-1.6418,-1.4788
270,Nice,nce,61,7.2663,43.7034,France,43.6454,43.7608,7.182,7.3239
271,Norrkoping,nrk,170,16.1903511,58.5909124,Sweden,58.5509,58.6309,16.1504,16.2304
272,Ostend,ost,17,2.919496,51.2258565,Belgium,51.0659,51.3859,2.7595,3.0795
273,Alderney,aci,188,-2.2254277,49.72837,United Kingdom,50.7261,50.7661,-1.962,-1.922
274,Oviedo,ovd,166,-5.8423,43.3634,Spain,43.2004,43.5204,-6.0051,-5.6851
275,Olbia,olb,84,9.5151,40.9143,Italy,40.7314,41.0585,9.348,9.7794
276,Ohrid,ohd,130,20.8019,41.1169,North Macedonia,41.0793,41.1486,20.7544,20.8304
277,Oslo,oslo,131,10.7528,59.9111,Norway,59.8093,60.1351,10.4892,10.9514
279,Ostrava,osr,45,18.2925,49.8356,Czech Republic,49.6749,49.9949,18.122,18.442
280,Plovdiv,pdv,26,24.7489,42.1433,Bulgaria,41.9819,42.3019,24.5899,24.9099
281,Plymouth,plh,188,-4.1422,50.3714,United Kingdom,50.3327,50.4442,-4.2055,-4.0196
282,Paderborn,pad,65,8.7667,51.7167,Germany,51.6794,51.7588,8.7105,8.8355
283,Rostock,rlg,65,12.1333,54.0833,Germany,54.0508,54.2445,11.9984,12.2954
284,Palma de Mallorca,pmi,166,2.6482482,39.568631,Spain,39.1207,39.6584,2.5638,2.9799
285,Palermo,pmo,84,13.3613,38.1157,Italy,38.0499,38.2246,13.2422,13.4521
286,Pescara,psr,84,14.2142,42.4643,Italy,42.4165,42.4946,14.1528,14.2538
287,Pisa,psa,84,10.4,43.7167,Italy,43.5807,43.7509,10.2685,10.4563
288,Paphos,pfo,44,32.4265,34.7761,Cyprus,34.6144,34.9344,32.2632,32.5832
289,Palanga,plg,101,21.0639,55.9167,Lithuania,55.8552,56.0772,21.0489,21.1389
290,Ponta Delgada,pdl,142,-25.67,37.74,Portugal,37.5794,37.8994,-25.8284,-25.5084
291,Porto,opo,142,-8.6108,41.1495,Portugal,41.1384,41.1859,-8.6913,-8.552
292,Poprad,tat,159,20.3,49.05,Slovakia,49.011,49.1067,20.2194,20.3746
293,Paris,pari,61,2.3522,48.8566,France,48.8156,48.9022,2.2241,2.4698
294,Pula,puy,42,13.8333,44.8667,Croatia,44.6873,44.9714,13.4202,13.9168
295,Podgorica,tgd,117,19.2661,42.4397,Montenegro,42.3771,42.4749,19.1797,19.3141
296,Pardubice,ped,45,15.7792,50.0386,Czech Republic,49.9925,50.0774,15.625,15.8918
297,Prague,prg,45,14.4167,50.0833,Czech Republic,49.9419,50.1774,14.2244,14.7068
299,Rhodes,rho,67,28.2225,36.4412,Greece,35.8767,36.4584,27.6836,28.2476
300,Reykjavik,reyk,77,-21.9422367,64.145981,Iceland,64.0404,64.3154,-21.9838,-21.402
301,Reus,reu,166,1.1076133,41.1555564,Spain,41.1024,41.1902,1.0575,1.1913
302,Rijeka,rjk,42,14.4322,45.3297,Croatia,45.3074,45.384,14.332,14.531
303,Rome,rome,84,12.4828,41.8931,Italy,41.6556,42.141,12.2345,12.8558
304,Rimini,rmi,84,12.5683,44.0594,Italy,43.9693,44.1157,12.4384,12.6329
305,Riga,rix,95,24.1069,56.9475,Latvia,56.8573,57.086,23.9326,24.3245
306,Rotterdam,rtm,124,4.48,51.92,Netherlands,51.8617,51.9943,4.3793,4.6018
307,Ronneby,rnb,170,15.283333,56.3,Sweden,55.8941,56.5006,14.9306,15.524
308,Salzburg,szg,10,13.0477,47.7972,Austria,47.7512,47.8544,12.9856,13.1273
309,Sofia,sof,26,23.3241,42.6975,Bulgaria,42.6201,42.7868,23.1951,23.4325
310,Sarajevo,sjj,22,18.4167,43.8667,Bosnia and Herzegovina,43.8209,43.9668,18.2495,18.5172
311,Southampton,sou,188,-1.4,50.9,United Kingdom,50.8715,50.9561,-1.479,-1.322
312,Swansea,sws,188,-71.212,41.7571,United Kingdom,51.4596,51.7796,-4.1059,-3.7859
314,Poznan,poz,141,16.9167,52.4,Poland,52.2919,52.5093,16.7316,17.0717
315,Saarbruecken,saar,65,6.996379,49.234362,Germany,49.0744,49.3944,6.8364,7.1564
316,Stuttgart,str,65,9.1775,48.7761,Germany,48.6184,48.9384,9.02,9.34
317,Santorini,jtr,67,25.4566637,36.4071112,Greece,36.3322,36.4822,25.3539,25.4879
318,Shannon,snn,82,-8.8686,52.7137,Ireland,52.6705,52.7505,-8.9188,-8.8388
319,Salamanca,slm,166,-101.1972,20.5703,Spain,40.9146,40.9932,-5.7358,-5.6226
320,Santiago de Compostela,scq,166,-8.5457,42.8805,Spain,42.7204,43.0404,-8.7059,-8.3859
321,Sevilla,svq,166,-5.9731,37.3828,Spain,37.3002,37.453,-6.0329,-5.8192
323,Skopje,skp,130,21.4333,41.9833,North Macedonia,41.94,42.0492,21.3154,21.5377
325,Stavanger,svg,131,5.7333,58.9701,Norway,58.8847,59.3121,5.499,6.1313
326,Strasbourg,sxb,61,7.7458,48.5833,France,48.4919,48.6462,7.6881,7.8361
327,Split,spu,42,16.45,43.51,Croatia,43.4986,43.5323,16.3878,16.5304
329,Stockholm,stoc,170,18.0686,59.3294,Sweden,59.1651,59.4851,17.9111,18.2311
330,Tirana,tia,2,19.82,41.33,Albania,41.2955,41.3654,19.7547,19.8764
331,Thessaloniki,skg,67,22.95,40.6333,Greece,40.4803,40.8003,22.7753,23.0953
332,Tenerife,tene,166,-16.589,28.217,Spain,27.9981,28.6054,-16.9259,-16.1194
334,Trieste,trs,84,13.8042,45.6361,Italy,45.6068,45.7466,13.6683,13.8983
335,Turin,trn,84,7.7,45.0667,Italy,44.9078,45.2278,7.5225,7.8425
336,Tel-Aviv,tlv,83,34.8,32.0833,Israel,32.0293,32.147,34.7391,34.8523
337,Terceira Island,ter,142,-27.217639,38.7211653,Portugal,35.5293,35.8493,51.2296,51.5496
338,Timisoara,tsr,144,21.23,45.7597,Romania,45.6838,45.8342,21.1117,21.3272
339,Trabzon,tzx,182,39.7225,41.005,Turkey,40.8462,41.1662,39.5658,39.8858
340,Tampere,tmp,60,23.7608,61.4981,Finland,61.4274,61.8366,23.5423,24.1185
341,Turku,tku,60,22.27,60.4517,Finland,60.3335,60.7373,22.0662,22.4582
342,Toulouse,tls,61,1.444,43.6045,France,43.5327,43.6687,1.3504,1.5154
343,Tivat,tiv,117,18.7,42.43,Montenegro,42.4175,42.4462,18.6844,18.7237
345,Tallinn,tll,56,24.745,59.4372,Estonia,59.3518,59.5916,24.5502,24.9263
346,Tartu,tay,56,26.7225,58.38,Estonia,58.339,58.4109,26.6671,26.798
347,Umea,ume,170,20.2630745,63.8256568,Sweden,63.7856,63.882,20.1338,20.3854
348,Vienna,vie,10,16.3731,48.2083,Austria,48.0484,48.3684,16.2125,16.5325
349,Varna,var,26,27.9169,43.2078,Bulgaria,43.1002,43.3102,27.7365,28.0562
351,Valencia,vlc,166,-68.0,10.1667,Spain,39.2784,39.5666,-0.4326,-0.2725
352,Valladolid,vll,166,-4.7286,41.652,Spain,41.5233,41.8155,-4.9282,-4.6309
353,Venice,veni,84,12.3319,45.4397,Italy,45.2312,45.578,12.1668,12.5966
354,Verona,vero,84,10.9928,45.4386,Italy,45.2785,45.5985,10.8324,11.1524
356,Vilnius,vno,101,25.2833,54.6833,Lithuania,54.527,54.847,25.1229,25.4429
357,Iasi,ias,144,27.5889,47.1622,Romania,47.0848,47.2279,27.4765,27.692
358,Vaxjo,vxo,170,14.8094385,56.8787183,Sweden,56.7187,57.0387,14.6494,14.9694
359,Visby,vby,170,18.3071,57.629,Sweden,57.5979,57.6779,18.258,18.338
361,Weeze,nrn,65,6.2011559,51.6267298,Germany,51.5608,51.6782,6.0914,6.2565
362,Westerland,gwt,65,8.3075,54.91,Germany,54.8674,54.9311,8.2866,8.3227
364,Warsaw,waw,141,21.0333,52.2167,Poland,52.072,52.392,20.8467,21.1667
365,Wroclaw,wro,141,17.0353,51.1077,Poland,50.949,51.269,16.8727,17.1927
366,zweibrucken,zqw,65,7.3641981,49.248655,Germany,49.1899,49.3169,7.2887,7.4487
367,Zaragoza,zaz,166,-0.883,41.6483,Spain,41.4517,41.9315,-1.1737,-0.6804
368,Zagreb,zag,42,15.95,45.8,Croatia,45.614,45.9691,15.7733,16.2396
369,Zadar,zad,42,15.2167,44.1167,Croatia,43.9569,44.2769,15.0753,15.3953
370,Zurich,zrh,171,8.5410422,47.3744489,Switzerland,47.3202,47.4347,8.448,8.6254
371,Chisinau,kiv,114,28.8575,47.0056,Moldova,46.9203,47.0796,28.7451,28.972
372,Minsk,msqa,16,27.5618,53.9022,Belarus,53.7938,53.9718,27.374,28.0799
373,Gomel,gme,16,30.9833,52.4417,Belarus,52.3433,52.5708,30.8012,31.1715
374,Brest,bqt,16,23.6569,52.0847,Belarus,52.0238,52.1524,23.5654,23.8544
375,Vitebsk,vtb,16,30.1667,55.1833,Belarus,55.1303,55.3151,30.0768,30.322
376,Hrodna,gna,16,23.8167,53.6667,Belarus,53.5991,53.7598,23.7094,23.9836
377,Kiev,kiev,186,30.5241361,50.4500336,Ukraine,50.29,50.61,30.3641,30.6841
378,Kherson,khe,186,32.6,46.6333,Ukraine,46.4813,46.8013,32.4658,32.7858
379,Chernivtsi,cwc,186,25.9344,48.2908,Ukraine,48.1265,48.4465,25.7777,26.0977
380,Odesa,ods,186,30.7326,46.4775,Ukraine,46.3273,46.6473,30.5793,30.8993
381,Zaporizhia,ozh,186,35.1182867,47.8507859,Ukraine,47.7526,47.9545,34.9867,35.369
382,Vinnytsia,vin,186,28.4672,49.2372,Ukraine,49.072,49.392,28.308,28.628
383,Lviv,lwo,186,24.0315,49.8419,Ukraine,49.682,50.002,23.8716,24.1916
384,Dnipro,dnk,186,34.9833,48.45,Ukraine,48.3559,48.5764,34.7489,35.2422
385,Kharkiv,hrk,186,36.2292,50.0,Ukraine,49.8785,50.1048,36.1056,36.4555
386,Ivano-Frankivsk,ifo,186,24.7106,48.9228,Ukraine,48.7625,49.0825,24.5503,24.8703
387,Moscow,mosc,145,37.6178,55.7558,Russia,55.4913,55.9578,37.2905,37.9674
388,Saint Petersburg,led,145,30.3167,59.95,Russia,59.7441,60.0907,30.0433,30.5672
389,Sochi,aer,145,39.7203,43.5853,Russia,43.395,44.0309,39.1494,40.0105
390,Novosibirsk,ovb,145,82.9167,55.0333,Russia,54.8682,55.1882,82.7635,83.0835
391,Ekaterinburg,svx,145,60.6128,56.8356,Russia,56.5937,56.9827,60.0071,60.9433
392,Krasnodar,krr,145,38.9833,45.0333,Russia,44.968,45.1516,38.8459,39.1859
393,Anapa,aaq,145,37.3167,44.8944,Russia,44.8574,44.9852,37.253,37.3752
394,Kaliningrad,kgd,145,20.5,54.7167,Russia,54.6319,54.7792,20.2933,20.6502
396,Samara,kuf,145,50.1167,53.1833,Russia,53.0917,53.5507,49.7454,50.3904
397,Irkutsk,ikt,145,104.3,52.2833,Russia,52.2093,52.4209,104.0593,104.4497
398,Krasnoyarsk,kja,145,92.8667,56.0167,Russia,55.8491,56.1691,92.7125,93.0325
399,Ufa,ufa,145,55.9667,54.7333,Russia,54.5661,54.8861,55.7875,56.1075
400,Kazan,kzn,145,49.1144,55.7908,Russia,55.6035,55.9382,48.8206,49.3812
401,Mineralnye Vody,mrv,145,43.1125,44.2008,Russia,44.1613,44.2373,43.0962,43.2031
402,Tyumen,tjm,145,65.5333,57.15,Russia,57.0008,57.2778,65.2658,65.8151
403,Khabarovsk,khv,145,135.0667,48.4833,Russia,48.3214,48.6414,134.9169,135.2369
404,Surgut,sgc,145,73.4333,61.25,Russia,61.094,61.414,73.2364,73.5564
405,Vladivostok,vvo,145,131.9,43.1167,Russia,43.0575,43.29,131.8404,132.2379
406,Yakutsk,yaku,145,129.7319,62.0272,Russia,61.9077,62.3735,129.5236,130.0263
407,Perm,pee,145,56.2489,58.0139,Russia,57.855,58.175,56.0867,56.4067
408,Chelyabinsk,cek,145,61.4,55.15,Russia,54.9909,55.3208,61.1436,61.5921
409,Novy Urengoy,nux,145,76.70356,66.089142,Russia,65.9252,66.2452,76.5199,76.8399
410,Murmansk,mmk,145,33.0833,68.9667,Russia,68.8829,69.0641,32.9329,33.2941
411,Nizhniy Novgorod,goj,145,44.0075,56.3269,Russia,56.1665,56.4865,43.8451,44.1651
412,Volgograd,vog,145,44.4833,48.7,Russia,48.4071,48.8891,44.1096,44.6874
413,Yuzhno-Sakhalinsk,uus,145,142.7333,46.95,Russia,46.827,47.0872,142.6452,142.886
414,Arkhangelsk,arh,145,40.5333,64.55,Russia,64.383,64.703,40.3771,40.6971
415,Omsk,oms,145,73.3833,54.9667,Russia,54.8314,55.1514,73.2115,73.5315
416,Makhachkala,mcx,145,47.4833,42.9833,Russia,42.823,43.143,47.3449,47.6649
417,Gelendzik,gdz,145,38.0767,44.5608,Russia,44.5237,44.6188,37.9667,38.1367
418,Petropavlovsk-Kamchatsky,pkc,145,158.65,53.0167,Russia,52.885,53.1268,158.522,158.9854
419,Naberezhnye Chelny,nbc,145,52.3333,55.7,Russia,55.6356,55.79,52.1836,52.5736
420,Tomsk,tof,145,84.9522,56.4886,Russia,56.3999,56.5706,84.8275,85.1496
421,Nizhnevartovsk,njc,145,76.595,60.9389,Russia,60.7739,61.0939,76.4214,76.7414
422,Orenburg,ren,145,55.1,51.7667,Russia,51.6075,51.9275,54.9371,55.2571
423,Voronezh,voz,145,39.2106,51.6717,Russia,51.4849,51.9026,39.0132,39.6596
424,Syktyvkar,scw,145,50.8167,61.6667,Russia,61.5085,61.8285,50.6752,50.9952
425,Barnaul,bax,145,83.7872,53.3567,Russia,53.1874,53.5074,83.6184,83.9384
426,Astrakhan,asf,145,48.0167,46.3333,Russia,46.2597,46.4708,47.8711,48.2019
427,Norilsk,nsk,145,88.2167,69.3333,Russia,69.1898,69.5098,88.0405,88.3605
428,Belgorod,ego,145,36.6,50.6,Russia,50.4356,50.7556,36.4273,36.7473
429,Salehard,sly,145,66.6333,66.5333,Russia,66.3775,66.6975,66.4557,66.7757
430,Chita,hta,145,113.5,52.0333,Russia,51.885,52.1728,113.1336,113.6621
431,Izhevsk,ijk,145,53.2167,56.85,Russia,56.7066,57.0266,53.0494,53.3694
432,Khanty-Mansiysk,hma,145,69.0,61.0,Russia,60.8434,61.1634,68.859,69.179
433,Saratov,sarb,145,46.0,51.5333,Russia,51.37,51.69,45.8747,46.1947
434,Stavropol,stw,145,41.9833,45.05,Russia,44.8833,45.2033,41.8091,42.1291
437,Kemerovo,kej,145,86.0667,55.3333,Russia,55.2566,55.5449,85.9095,86.292
438,Abakan,aba,145,91.4167,53.7167,Russia,53.6077,53.7532,91.2837,91.5704
439,Grozny,grv,145,45.6986,43.3125,Russia,43.1783,43.4062,45.4324,45.8155
441,Vladikavkaz,ogz,145,44.65,43.0167,Russia,42.9636,43.0868,44.6043,44.7419
442,Ulyanovsk,ulya,145,48.3667,54.3167,Russia,54.1991,54.4165,48.2501,48.7257
444,Penza,pez,145,45.0,53.2,Russia,53.04,53.36,44.84,45.16
445,Saransk,skx,145,45.1833,54.1833,Russia,54.0267,54.3467,45.0238,45.3438
446,Nadym,nym,145,72.5167,65.5333,Russia,65.5175,65.6261,72.4823,72.7277
447,Magnitogorsk,mqf,145,59.0333,53.3833,Russia,53.2999,53.5312,58.8967,59.2062
448,Rostov on Don,rov,145,39.7167,47.2333,Russia,47.0614,47.3814,39.5514,39.8714
449,Cheboksary,scy,145,47.25,56.1333,Russia,56.0513,56.1567,47.0963,47.4272
451,Nalchik,nal,145,43.6167,43.4833,Russia,43.317,43.637,43.4367,43.7567
452,Cherepovets,cee,145,37.9167,59.1333,Russia,59.0665,59.1832,37.6784,38.0446
453,Magas,igt,145,44.8167,43.1667,Russia,43.1266,43.2066,44.7648,44.8448
454,Kirov,kvx,145,49.65,58.6,Russia,58.4436,58.7636,49.5066,49.8266
455,Naryan-Mar ,nnm,145,53.0067,67.6378,Russia,35.5293,35.8493,51.2296,51.5496
456,Bratsk,btk,145,101.6167,56.1667,Russia,56.0184,56.3424,101.353,102.0032
457,Elista,esl,145,44.2667,46.3167,Russia,46.2835,46.3394,44.1804,44.3488
458,Gorno-Altaysk,rgk,145,85.96,51.96,Russia,51.8703,51.9936,85.882,86.0654
460,Tambov,tbw,145,41.4333,52.7167,Russia,52.5688,52.8888,41.2954,41.6154
461,Vorkuta,vkt,145,64.0333,67.5,Russia,67.4537,67.5493,63.9388,64.3767
462,Neryungri,ner,145,124.725,56.6583,Russia,56.6367,56.6946,124.5253,124.7673
463,Ivanovo,iwa,145,41.0,57.0,Russia,56.9467,57.0707,40.8679,41.1266
464,Anadyr,dyr,145,177.5167,64.7333,Russia,64.7149,64.7413,177.4557,177.5394
465,Kursk,urs,145,36.1872,51.7372,Russia,51.5794,51.8994,36.0196,36.3396
466,Kogalym,kgp,145,74.4889068,62.26798,Russia,62.1616,62.4094,74.3429,74.8507
467,Kurgan,kro,145,65.3411,55.4408,Russia,55.2944,55.6144,65.1619,65.4819
468,Petrozavodsk,pes,145,34.35,61.7833,Russia,61.7114,61.8614,34.1848,34.6482
469,Orsk,osw,145,58.5441,51.2145,Russia,51.0705,51.3905,58.3138,58.6338
471,Kaluga,klf,145,36.2667,54.5333,Russia,54.3501,54.6701,36.0998,36.4198
472,Okha,ohh,145,142.9333,53.5833,Russia,53.5616,53.6117,142.9015,142.973
473,Briansk,bzk,145,34.3668288,53.2423778,Russia,53.0824,53.4024,34.2068,34.5268
475,Kyzyl,kyz,145,94.45,51.7167,Russia,51.5505,51.8546,94.2715,94.6405
476,Tiksi,iks,145,128.835,71.6269,Russia,71.5966,71.6766,128.8285,128.9085
477,Yaroslavl,iar,145,39.85,57.6167,Russia,57.5257,57.7753,39.7292,40.0033
478,Pevek,pwe,145,170.3167,69.7,Russia,69.6892,69.7111,170.2474,170.3908
480,Velikij Ustyug,vus,145,46.3039,60.7589,Russia,60.7287,60.8124,46.241,46.3618
481,Aldan,adh,145,125.3833,58.6,Russia,58.0333,58.659,125.2851,125.4949
483,Beloyarsky,eyk,145,66.6667691,63.7156353,Russia,63.6095,63.8017,66.3754,67.021
484,Bodaybo,odo,145,114.1933,57.8506,Russia,57.8167,57.8902,114.0422,114.296
485,Ust-Kut,ukx,145,105.7489287,56.780561,Russia,56.7311,56.8341,105.5662,106.0444
486,Usinsk,usk,145,57.5414,65.9998,Russia,65.9801,66.0257,57.4655,57.5828
487,Nyagan,nya,145,65.3833,62.1333,Russia,62.1046,62.1846,65.3949,65.4749
489,Lensk,ulk,145,114.9,60.7167,Russia,60.7055,60.7497,114.7815,115.0398
490,Batagay,bqj,145,134.635,67.656,Russia,67.6447,67.6633,134.5916,134.6892
491,Uraj,urj,145,64.7833,60.1333,Russia,60.0891,60.1691,64.7636,64.8436
492,Nikolaevsk-na-Amure,nli,145,140.7333,53.15,Russia,53.1275,53.1658,140.6275,140.8233
493,Berezovo,ezv,145,39.2975747,54.0930506,Russia,63.6596,64.3853,64.5923,65.5953
494,Bugulma,uua,145,52.7833,54.5333,Russia,54.5023,54.574,52.7297,52.877
498,Belaya Gora,bgn,145,146.187286,68.53701,Russia,68.5293,68.5466,146.1741,146.2127
501,Lipetsk,lpk,145,39.6,52.6167,Russia,52.4914,52.7147,39.4221,39.8116
502,Nyurba,nyr,145,118.3333,63.2833,Russia,63.2638,63.3121,118.2115,118.389
504,Ust-Maya,ums,145,134.5433,60.4566,Russia,60.4097,60.4295,134.5094,134.5662
505,Iturup,itu,145,147.8382321,44.9906085,Russia,44.4242,45.5572,146.8586,148.8936
507,Keperveyem,kpw,145,166.1428991,67.8415768,Russia,67.8387,67.8455,166.1188,166.1634
508,Deputatsky,dpt,145,139.9468635,69.3396494,Russia,69.293,69.3507,139.9196,140.0014
510,Ust-Nera,usr,145,143.2,64.5666,Russia,64.5574,64.5793,143.1992,143.3195
512,Terney,nei,145,136.6137293,45.0504046,Russia,45.0307,45.1152,136.5304,136.6896
513,Olenyok,onk,145,112.45,68.525,Russia,68.4885,68.5417,112.4379,112.4997
514,Chersky,cyx,145,161.33,68.7501,Russia,68.7456,68.7952,161.3194,161.4013
515,Kavalerovo,kvr,145,135.0498,44.2702,Russia,44.243,44.2984,134.9964,135.0868
516,Igarka,iaa,145,86.5667,67.4667,Russia,67.4368,67.494,86.4373,86.6766
517,Igrim,irm,145,64.4194,63.1933,Russia,63.1789,63.2103,64.3908,64.4532
519,Ust-Kuyga,ukg,145,135.549835,70.00177,Russia,69.9818,70.0218,135.5298,135.5698
520,Hatanga,htg,145,102.465,72.0411,Russia,71.9619,72.0019,102.4515,102.4915
521,Dalnegorsk,dhg,145,135.5661,44.5539,Russia,44.519,44.5793,135.4595,135.7108
522,Nogliki,ngk,145,143.1667,51.8333,Russia,51.772,51.8236,143.1122,143.1807
523,Chokurdakh,ckh,145,147.8946,70.6183,Russia,70.6154,70.6319,147.8633,147.9462
526,Tynda,tyd,145,124.7167,55.15,Russia,55.1228,55.1864,124.6709,124.8378
528,Bor,tgp,145,90.1236,61.5995,Russia,56.2674,56.4185,43.9619,44.2222
529,Zhigansk,zix,145,123.3711,66.7697,Russia,66.7478,66.7748,123.3439,123.4026
530,Dikson,dks,145,80.5451,73.507,Russia,73.5044,73.5132,80.3755,80.5492
531,Verkhnevilyuysk,vhv,145,120.3167,63.4457,Russia,63.4275,63.4637,120.2479,120.3842
532,Vilyuysk,vyi,145,121.6167,63.75,Russia,63.7365,63.7639,121.5981,121.6714
533,Dalnerechensk,dlr,145,133.7333,45.9333,Russia,45.8698,45.9746,133.6283,133.8457
534,Svetlaja,etl,145,41.0060242,65.2215948,Russia,46.537,46.5566,138.2836,138.3406
535,Komsomolsk Na Amure,kxk,145,137.020782,50.550877,Russia,50.42,50.7006,136.8566,137.2163
538,Plastun,tly,145,136.286379,44.7589818,Russia,44.7348,44.7753,136.2555,136.3224
540,Gagra,,64,40.27,43.28,Georgia,43.2574,43.3205,40.2431,40.2869
541,New Athos,,64,40.81,43.09,Georgia,43.0757,43.1065,40.7879,40.8817
542,Sukhumi,,64,41.0,43.0,Georgia,42.9854,43.0281,40.9734,41.0684
543,Ukhta,uct,145,53.7,63.5667,Russia,63.5324,63.6335,53.6184,53.8512
546,Pristina,prn,91,21.1667,42.6667,Kosovo,42.5039,42.8239,21.0041,21.3241
547,Thimphu,,20,89.6333,27.4833,Bhutan,27.3114,27.6314,89.4737,89.7937
548,Ulaanbaatar,uln,116,106.9172,47.9203,Mongolia,47.7585,48.0785,106.7577,107.0777
550,Agartala,ixa,78,91.2667,23.8333,India,23.6712,23.9912,91.1224,91.4424
551,Agra,agp,78,78.02,27.18,India,27.0153,27.3353,77.8498,78.1698
552,Ahmedabad,amd,78,72.58,23.03,India,22.8616,23.1816,72.4197,72.7397
553,Aizawl,ajl,78,92.72,23.7104,India,23.5835,23.9035,92.5783,92.8983
554,Allahabad,ixd,78,81.84,25.455,India,25.2781,25.5981,81.6738,81.9938
555,Amritsar,atq,78,74.85,31.6167,India,31.4743,31.7943,74.7137,75.0337
556,Aurangabad,ixu,78,75.32,19.88,India,19.7173,20.0373,75.179,75.499
557,Bagdogra,ixb,78,88.3200303,26.6988847,India,26.6589,26.7389,88.28,88.36
558,Belgaum,ixg,78,74.5,15.8667,India,15.6973,16.0173,74.3469,74.6669
560,Bhavnagar,bhu,78,72.1416449,21.7718836,India,21.6119,21.9319,71.9816,72.3016
561,Bhopal,bho,78,77.4167,23.25,India,23.0985,23.4185,77.242,77.562
562,Bhubaneswar,bbi,78,85.8435592,20.2667774,India,20.2113,20.3664,85.7533,85.9034
563,Bhuj,bhj,78,69.81,23.2504,India,23.0872,23.4072,69.5083,69.8283
564,Bikaner,bkb,78,73.3171367,28.0159286,India,27.8559,28.1759,73.1571,73.4771
565,Chandigarh,ixc,78,76.7911,30.7353,India,30.5734,30.8934,76.6197,76.9397
566,Coimbatore,cjb,78,76.9667,11.0,India,10.8418,11.1618,76.8028,77.1228
567,Dehradun,ded,78,78.029,30.318,India,30.1656,30.4856,77.8837,78.2037
568,Dharamsala,dhm,78,76.3167,32.2167,India,32.1743,32.2543,76.2797,76.3597
569,Dibrugarh,dib,78,95.0,27.4833,India,27.3245,27.6445,94.7419,95.0619
570,Dimapur,dmu,78,93.7283707,25.9135914,India,25.7536,26.0736,93.5683,93.8883
571,Diu,diu,78,70.9904,20.7197,India,20.6738,20.7538,70.9454,71.0254
572,Gaya,gay,78,85.0167,24.75,India,24.6364,24.9564,84.848,85.168
573,Chicalim,goi,78,73.8622326,15.3944786,India,15.3745,15.4145,73.8422,73.8822
574,Gorakhpur,gop,78,83.3667,26.7611,India,26.6,26.92,83.2068,83.5268
575,Guwahati,gau,78,91.7667,26.1667,India,26.0206,26.3406,91.5939,91.9139
576,Gwalior,gwl,78,78.1931,26.215,India,26.0437,26.3637,77.9974,78.3174
577,Hubli,hbx,78,75.125,15.36,India,15.1918,15.5118,74.978,75.298
578,Hyderabad,hyd,78,78.4667,17.3667,India,17.2006,17.5206,78.3141,78.6341
579,Imphal,imf,78,93.95,24.82,India,24.6391,24.9591,93.7764,94.0964
580,Indore,idr,78,75.8472,22.7206,India,22.5604,22.8804,75.7082,76.0282
581,Jabalpur,jlr,78,79.9333,23.1667,India,23.1161,23.2111,79.8831,79.9762
582,Jaisalmer,jsa,78,70.9167,26.9167,India,26.8717,26.9517,70.8725,70.9525
583,Jalgaon,jlg,78,75.5667,21.0167,India,20.8368,21.1568,75.4084,75.7284
584,Jammu,ixj,78,74.85,32.7333,India,32.5586,32.8786,74.6981,75.0181
585,Jamnagar,jga,78,70.07,22.47,India,22.3998,22.5064,70.0235,70.1288
586,Jodhpur,jdh,78,73.0168,26.2918,India,26.1368,26.4568,72.8751,73.1951
587,Jorhat,jrh,78,94.2167,26.75,India,26.5978,26.9178,94.048,94.368
588,Kadapa,cdp,78,78.8216861,14.4752936,India,14.3153,14.6353,78.6617,78.9817
589,Kandla,ixy,78,76.0696792,32.6912634,India,32.6713,32.7113,76.0497,76.0897
590,Kanpur,knu,78,80.3217588,26.4609135,India,26.3009,26.6209,80.1618,80.4818
591,Andal,rdp,78,87.2411693,23.6247865,India,23.5343,23.6143,87.1453,87.2253
592,Khajuraho,hjr,78,79.9333,24.85,India,24.8315,24.8715,79.906,79.946
593,Kochi,cok,78,76.2833,9.9667,India,9.7713,10.0913,76.1074,76.4274
594,Kolhapur,klh,78,74.2333,16.7,India,16.5428,16.8628,74.0805,74.4005
595,Kozhikode,ccj,78,75.7788735,11.2586082,India,11.0851,11.4051,75.6155,75.9355
596,Kulu,kuu,78,77.1,31.96,India,29.7282,29.7682,79.4478,79.4878
597,Leh,ixl,78,77.5848133,34.1642029,India,34.1242,34.2042,77.5448,77.6248
599,Lucknow,lko,78,80.947,26.847,India,26.6781,26.9981,80.7746,81.0946
600,Ludhiana,luh,78,75.8486,30.9083,India,30.749,31.069,75.6916,76.0116
601,Madurai,ixm,78,78.1194,9.9197,India,9.8245,9.9934,78.0156,78.203
602,Mangalore,ixe,78,74.8806,12.8703,India,12.7098,13.0298,74.683,75.003
603,Mysore,myq,78,76.6531,12.3086,India,12.1452,12.4652,76.4954,76.8154
604,Nagpur,nag,78,79.0831,21.1539,India,21.053,21.231,78.9952,79.1788
605,Nanded,ndc,78,77.3333,19.15,India,20.7266,20.7518,79.7703,79.7919
606,Nasik,isk,78,73.7833,20.0,India,19.8046,20.1407,73.5575,73.9555
607,Pantnagar,pgh,78,79.4859989,29.0264162,India,28.9864,29.0664,79.446,79.526
608,Pasighat,ixt,78,95.3324944,28.0589676,India,28.019,28.099,95.2925,95.3725
609,Patna,pat,78,85.1414,25.61,India,25.4493,25.7693,84.9635,85.2835
610,Porbandar,pbd,78,69.6047,21.6425,India,21.4809,21.8009,69.451,69.771
611,Port blair,ixz,78,92.75,11.6667,India,11.5045,11.8245,92.579,92.899
612,Puducherry,,78,79.83,11.93,India,11.7741,12.0941,79.6706,79.9906
613,Pune,pnq,78,73.8553,18.5196,India,18.3614,18.6814,73.6945,74.0145
614,Raipur,rpr,78,81.6337,21.2379,India,21.0779,21.3979,81.4737,81.7937
615,Rajahmundry,rja,78,81.7833,16.9833,India,16.845,17.165,81.6205,81.9405
616,Rajkot,raj,78,70.7984,22.2969,India,22.1453,22.4653,70.6428,70.9628
617,Ranchi,ixr,78,85.3347,23.3556,India,23.2101,23.5301,85.165,85.485
618,Salem,sxv,78,78.1667,11.65,India,11.5012,11.8212,78.0002,78.3202
619,Shillong,shl,78,91.8789,25.5744,India,25.416,25.736,91.7225,92.0425
620,Shimla,,78,77.1722,31.1033,India,30.9442,31.2642,77.011,77.331
621,Shirdi,sag,78,92.79,24.7904,India,19.7268,19.8068,74.4354,74.5154
622,Silchar,ixs,78,92.79,24.7904,India,24.6696,24.9896,92.6371,92.9571
623,Srinagar,sxr,78,74.8061,34.0911,India,33.9147,34.2347,74.6604,74.9804
624,Surat,stv,78,72.83,21.17,India,21.0265,21.3465,72.6481,72.9681
625,Tezpur,tez,78,92.8,26.6338,India,26.583,26.663,92.7576,92.8376
626,Thiruvananthapuram,trv,78,76.8997,8.5,India,8.3641,8.6841,76.7761,77.0961
627,Tiruchirappalli,trz,78,78.712771,10.7620859,India,10.645,10.965,78.527,78.847
628,Tirupati,tir,78,79.42,13.65,India,13.4716,13.7916,79.2632,79.5832
629,Tuticorin,tcr,78,78.1333,8.7833,India,8.6453,8.9653,77.9853,78.3053
630,Udaipur,udr,78,73.6833,24.5833,India,24.4187,24.7387,73.5263,73.8463
631,Vadodara,bdq,78,73.2,22.3,India,22.1373,22.4573,73.0343,73.3543
632,Varanasi,vns,78,83.0128,25.3189,India,25.1756,25.4956,82.8476,83.1676
633,Vidyanagar,vdy,78,75.1275701,15.3638384,India,14.0121,14.0521,80.0103,80.0503
634,Vijayawada,vga,78,80.6185102,16.5087586,India,16.3488,16.6688,80.4585,80.7785
635,Visakhapatnam,vtz,78,83.3167,17.7333,India,17.5631,17.8831,83.1413,83.4613
636,Chiang Mai,cnx,176,98.9868056,18.7882778,Thailand,18.6283,18.9483,98.8259,99.1459
637,Hat Yai,hdy,176,100.4577414,7.0026257,Thailand,6.8426,7.1626,100.2977,100.6177
638,Koh Samui,usm,176,99.9956193,9.5013944,Thailand,9.4087,9.5936,99.9121,100.0906
639,Udon Thani,uth,176,102.75,17.4164,Thailand,17.2383,17.5583,102.632,102.952
640,Chiang Rai,cei,176,99.8275,19.9094,Thailand,19.7469,20.0669,99.6733,99.9933
641,Khon Kaen,kkc,176,102.8297,16.4297,Thailand,16.2694,16.5894,102.6723,102.9923
642,Surat Thani,urt,176,99.3306,9.1397,Thailand,8.9816,9.3016,99.1691,99.4891
643,Ubon Ratchathani,ubp,176,104.8594,15.2281,Thailand,15.0664,15.3864,104.6982,105.0182
644,Nakhon Si Thammarat,nst,176,99.9667,8.4333,Thailand,8.3346,8.3746,100.1877,100.2277
645,Phitsanulok,phs,176,100.2636,16.8158,Thailand,16.6567,16.9767,100.1024,100.4224
646,Trang,tst,176,99.6114,7.5561,Thailand,7.4007,7.7207,99.4515,99.7715
647,Roi Et,roi,176,103.6514,16.0578,Thailand,16.0162,16.0962,103.6131,103.6931
648,Nakhon Phanom,kop,176,104.7880321,17.3952209,Thailand,17.3552,17.4352,104.748,104.828
649,Buri Ram,bfv,176,103.1079187,14.9955693,Thailand,14.9556,15.0356,103.0679,103.1479
650,Sakon Nakhon,sno,176,104.1456,17.1564,Thailand,17.006,17.326,103.9919,104.3119
651,Lampang,lpt,176,99.5,18.3,Thailand,18.1299,18.4499,99.3359,99.6559
652,Mae Sot,maq,176,98.5699283,16.7133787,Thailand,16.555,16.875,98.4096,98.7296
653,Ranong,unn,176,98.6389,9.9619,Thailand,9.9201,10.0001,98.5839,98.6639
654,Chumphon,cjm,176,99.18,10.4939,Thailand,10.4581,10.5381,99.1382,99.2182
655,Loei,loe,176,101.725,17.4903,Thailand,17.4504,17.5304,101.6886,101.7686
656,Narathiwat,naw,176,101.8212475,6.4277319,Thailand,6.3877,6.4677,101.7812,101.8612
657,Trat,tdx,176,102.5125,12.2417,Thailand,12.2041,12.2841,102.4723,102.5523
658,Phrae,prh,176,100.1417,18.1436,Thailand,18.1018,18.1818,100.1026,100.1826
659,Sukhothai,ths,176,99.8219,17.0142,Thailand,16.9709,17.0509,99.7804,99.8604
660,Mae Hong Son,hgn,176,97.9666073,19.3015068,Thailand,19.2615,19.3415,97.9266,98.0066
661,Hua Hin,hhq,176,99.9546036,12.5672438,Thailand,12.5299,12.6099,99.9173,99.9973
662,Pai,pyy,176,98.4405794,19.3581061,Thailand,19.3181,19.3981,98.4006,98.4806
663,Chicago,chia,189,-87.6862,41.8373,USA,41.6445,42.023,-87.9401,-87.5241
664,Houston,houa,189,-95.3889,29.7863,USA,29.5371,30.1104,-95.9097,-95.0121
665,Phoenix,phxa,189,-112.0891,33.5722,USA,33.2884,33.6084,-112.2341,-111.9141
666,Philadelphia,phla,189,-75.1339,40.0077,USA,39.867,40.138,-75.2803,-74.9558
667,San Antonio,sata,189,-98.5253,29.4658,USA,29.2646,29.5846,-98.6551,-98.3351
668,San Diego,sana,189,-117.1225,32.8312,USA,32.5348,33.1142,-117.3098,-116.9057
669,Dallas,dfwa,189,-96.7662,32.7936,USA,32.6132,33.0239,-97.0005,-96.4636
670,San Jose,sjca,189,-121.8486,37.3019,USA,37.1245,37.4692,-122.0457,-121.5892
671,Austin,aus,189,-97.7522,30.3004,USA,30.0985,30.5166,-97.9368,-97.5605
672,Fort Worth,ftw,189,-97.3473,32.7811,USA,32.5516,33.0495,-97.5924,-97.0336
673,Jacksonville,jaxa,189,-81.6749,30.3322,USA,30.1037,30.5862,-82.0495,-81.3167
674,Columbus,cmha,189,-82.985,39.9862,USA,39.8087,40.1573,-83.2102,-82.7713
675,Charlotte,clta,189,-80.8304,35.208,USA,35.0132,35.3931,-81.0096,-80.6701
676,Indianapolis,ind,189,-86.1458,39.7771,USA,39.6322,39.9275,-86.3281,-85.938
677,Seattle,seaa,189,-122.3244,47.6211,USA,47.481,47.7341,-122.4597,-122.2244
678,Denver,dena,189,-104.8759,39.7621,USA,39.6143,39.9142,-105.1099,-104.5997
679,Washington,wasa,189,-77.0163,38.9047,USA,38.7916,38.996,-77.1198,-76.9094
680,Boston,bos,189,-71.0846,42.3188,USA,42.2003,42.5203,-71.2183,-70.8983
681,El Paso,elpa,189,-106.4309,31.8479,USA,31.6222,32.0015,-106.6358,-106.1992
682,Nashville,bna,189,-86.7843,36.1715,USA,35.9678,36.4055,-87.0548,-86.5156
683,Detroit,dtta,189,-83.1024,42.3834,USA,42.2552,42.4502,-83.288,-82.9104
684,Portland,pdx,189,-122.65,45.5372,USA,45.4325,45.6529,-122.8367,-122.472
685,Oklahoma City,okca,189,-97.5136,35.4676,USA,35.313,35.633,-97.6771,-97.3571
686,Memphis,mema,189,-89.9773,35.1046,USA,34.9942,35.2639,-90.3084,-89.6371
687,Louisville,sdfa,189,-85.6485,38.1663,USA,37.9971,38.3801,-85.9471,-85.4051
688,Baltimore,bwi,189,-76.6144,39.3051,USA,39.1972,39.372,-76.7113,-76.5297
689,Milwaukee,mkea,189,-87.9673,43.0642,USA,42.9208,43.1949,-88.0711,-87.863
690,Albuquerque,abq,189,-106.6464,35.1053,USA,34.9241,35.2441,-106.811,-106.491
691,Tucson,tusa,189,-110.8782,32.1545,USA,32.0629,32.3829,-111.1348,-110.8148
692,Fresno,fat,189,-119.7941,36.7831,USA,36.6622,36.9089,-119.9344,-119.655
693,Mesa,msc,189,-111.718,33.4017,USA,33.2551,33.5751,-111.9915,-111.6715
694,Atlanta,atla,189,-84.4224,33.7627,USA,33.6478,33.8868,-84.5511,-84.2896
695,Sacramento,saca,189,-121.4683,38.5667,USA,38.4376,38.6855,-121.5601,-121.3627
696,Kansas City,mkca,189,-94.5541,39.1239,USA,38.8272,39.3567,-94.7659,-94.3855
697,Colorado Springs,cosa,189,-104.7606,38.8674,USA,38.674,38.994,-104.9853,-104.6653
698,Raleigh,rdu,189,-78.6435,35.8325,USA,35.7083,35.9707,-78.819,-78.4708
699,Omaha,oma,189,-96.0522,41.2627,USA,41.1906,41.3931,-96.2682,-95.8711
700,Long Beach,lgb,189,-118.1675,33.7981,USA,33.6906,33.8856,-118.249,-118.0633
701,Virginia Beach,orf,189,-76.0435,36.7335,USA,36.5504,37.0302,-76.2282,-75.8319
702,Minneapolis,mspa,189,-93.2678,44.9635,USA,44.8901,45.0513,-93.3291,-93.1939
703,Oakland,oak,189,-122.2165,37.7903,USA,37.6337,37.8854,-122.3559,-122.1144
704,Tampa,tpaa,189,-82.4451,27.9942,USA,27.8213,28.1714,-82.5865,-82.2539
706,Tulsa,tulb,189,-95.9042,36.1284,USA,35.9957,36.3157,-96.1529,-95.8329
707,Bakersfield,bfl,189,-119.0359,35.3529,USA,35.194,35.448,-119.265,-118.7723
708,New Orleans,msya,189,-89.9288,30.0687,USA,29.816,30.136,-90.2382,-89.9182
709,Wichita,icta,189,-97.3442,37.6896,USA,37.489,37.8402,-97.7344,-97.153
711,Cleveland,clea,189,-81.6804,41.4767,USA,41.3397,41.6597,-81.8537,-81.5337
715,Santa Ana,sna,189,-117.8819,33.7366,USA,33.6917,33.784,-117.9439,-117.8303
717,Lexington,lex,189,-84.4587,38.0423,USA,37.8453,38.2114,-84.6604,-84.2827
718,Corpus Christi,crp,189,-97.3755,27.726,USA,27.4836,27.8996,-97.6827,-96.9611
721,Cincinnati,cvga,189,-84.5061,39.1413,USA,39.0521,39.221,-84.7124,-84.3696
724,Pittsburgh,pita,189,-79.9762,40.4396,USA,40.3615,40.5012,-80.0955,-79.8657
725,Lincoln,lnk,189,-96.6788,40.809,USA,40.6489,40.9689,-96.8678,-96.5478
726,St. Louis,stla,189,-90.2451,38.6358,USA,38.5323,38.7743,-90.3207,-90.1642
728,Anchorage,anca,189,-149.1091,61.1508,USA,60.733,61.4839,-150.4206,-148.4624
732,Saint Petersburg,spg,189,-82.6652,27.7931,USA,27.6104,27.9304,-82.8295,-82.5095
734,Fort Wayne,fwa,189,-85.1437,41.0886,USA,40.9651,41.2005,-85.3035,-85.0007
737,Laredo,lrd,189,-99.4875,27.5629,USA,27.3664,27.7444,-99.7503,-99.331
738,Madison,msn,189,-89.3931,43.0826,USA,42.9981,43.1719,-89.5717,-89.2466
740,Lubbock,lbb,189,-101.8878,33.5659,USA,33.4479,33.7085,-102.0321,-101.749
741,Reno,rno,189,-119.8483,39.5497,USA,39.3924,39.7234,-120.0024,-119.6993
743,Buffalo,buf,189,-78.8487,42.9016,USA,42.826,42.9665,-78.9195,-78.7952
746,Winston-Salem,int,189,-80.2611,36.1029,USA,35.9966,36.2182,-80.3859,-80.101
751,Norfolk,orfa,189,-76.259,36.8945,USA,36.8208,36.9697,-76.3449,-76.1767
753,Boise,boi,189,-116.2312,43.6007,USA,43.4566,43.7766,-116.3609,-116.0409
755,Richmond,ric,189,-77.4756,37.5295,USA,37.4467,37.6028,-77.6012,-77.3853
757,Spokane,gega,189,-117.433,47.6671,USA,47.5868,47.7588,-117.604,-117.3039
759,Modesto,mod,189,-121.0028,37.6374,USA,37.5219,37.7114,-121.0965,-120.9012
761,Des Moines,dsm,189,-93.6105,41.5725,USA,41.4796,41.6589,-93.7091,-93.4937
762,San Bernardino,sbd,189,-117.2946,34.1417,USA,33.9483,34.2683,-117.4498,-117.1298
763,Baton Rouge,btr,189,-91.131,30.4418,USA,30.3384,30.559,-91.235,-90.9993
765,Salt Lake City,slc,189,-111.9306,40.7777,USA,40.5996,40.9196,-112.0468,-111.7268
767,Oxnard,oxr,189,-119.1815,34.1963,USA,34.119,34.2615,-119.3292,-119.1197
772,Fayetteville,fyva,189,-94.166,36.0713,USA,35.9026,36.2226,-94.3174,-93.9974
773,Grand Rapids,grr,189,-85.6562,42.962,USA,42.8836,43.029,-85.7515,-85.5686
775,Rochester,roc,189,-77.6162,43.168,USA,43.1033,43.2681,-77.7015,-77.5312
776,Charleston,chs,189,-79.9628,32.8153,USA,32.6685,32.9735,-80.1438,-79.7971
777,Palm Springs,pspa,189,-80.0968,26.6349,USA,33.6124,33.932,-116.7121,-116.4428
779,Branson,bkg,189,-93.2635,36.651,USA,36.5943,36.7009,-93.3147,-93.2113
780,Montreal,ymqa,33,-73.5617,45.5089,Canada,45.4101,45.7048,-73.9742,-73.4743
781,Calgary,yyc,33,-114.0667,51.05,Canada,50.8425,51.2125,-114.3158,-113.86
782,Edmonton,yeg,33,-113.4903,53.5344,Canada,53.3373,53.7163,-113.7138,-113.2715
783,Ottawa,yowa,33,-75.695,45.4247,Canada,45.2611,45.5811,-75.8501,-75.5301
784,Winnipeg,ywg,33,-97.1464,49.8844,Canada,49.7136,49.994,-97.3492,-96.9565
785,Quebec City,yqba,33,-71.2081,46.8139,Canada,46.7277,46.9807,-71.5492,-71.1337
786,Hamilton,yhm,33,-79.8692,43.2567,Canada,43.0505,43.4707,-80.2486,-79.6221
787,Kitchener,ykf,33,-80.4728,43.4186,Canada,43.3539,43.5068,-80.5735,-80.3784
789,Victoria,yyja,33,-123.3647,48.4283,Canada,48.4028,48.4505,-123.3981,-123.3224
790,Halifax,yhza,33,-63.5906,44.6475,Canada,44.5812,44.7112,-63.7227,-63.5432
792,Windsor,yqg,33,-83.0,42.2833,Canada,42.1571,42.4771,-83.1953,-82.8753
793,Saskatoon,yxe,33,-106.6833,52.1333,Canada,52.0698,52.2311,-106.825,-106.5037
795,Regina,yqr,33,-104.6067,50.4547,Canada,50.3964,50.5207,-104.7781,-104.4921
796,St. John's,yyt,33,-52.7971,47.4817,Canada,47.3274,47.6339,-53.0379,-52.6128
797,Kelowna,ylw,33,-119.4956,49.8881,Canada,49.7728,50.0255,-119.5891,-119.3198
800,Rishikesh,,78,78.267612,30.086928,India,29.9631,30.3085,78.0362,78.31
801,Gokarna,,78,74.318841,14.547859,India,14.504,14.584,74.2784,74.3584
802,Arambol,,78,73.69811692,15.69776815,India,15.671,15.711,73.6836,73.7236
803,Tiruvannamalai,,78,79.0761989,12.2343228,India,12.2124,12.2641,79.0534,79.0889
804,Darjeeling,,78,88.263176,27.0377554,India,26.8778,27.1978,88.1032,88.4232
805,Haridwar,,78,78.1452985,29.9384473,India,29.7784,30.0984,77.9853,78.3053
806,Kanyakumari,,78,77.5499338,8.079252,India,8.0393,8.1193,77.5099,77.5899
807,Buddha Gaya,,78,84.9831416,24.6904398,India,35.5293,35.8493,51.2296,51.5496
808,Sarnath,,78,83.025214,25.371556,India,25.3576,25.3976,83.0076,83.0476
809,Kushinagar,,78,83.9162322,26.7438272,India,26.55,27.297,83.5246,84.42
810,Shrawasti,,78,81.886684,27.68320155,India,35.5293,35.8493,51.2296,51.5496
811,Rajgir,,78,85.4207368,25.0299973,India,25.0178,25.0447,85.4098,85.4285
812,Sankasya,,78,76.36429,30.37004,India,35.5293,35.8493,51.2296,51.5496
813,Tirumala,,78,79.350898,13.680736,India,13.6395,13.7195,79.3098,79.3898
814,Badrinath,,78,79.493763,30.743309,India,30.7023,30.7823,79.453,79.533
815,Kedarnath,,78,79.066894,30.734627,India,30.6946,30.7746,79.0273,79.1073
816,Prayagraj,,78,81.846311,25.435801,India,25.2781,25.5981,81.6738,81.9938
818,Mathura,,78,77.673673,27.492413,India,27.3356,27.6556,77.5256,77.8456
819,Vrindavan,,78,77.659339,27.565009,India,27.5354,27.6154,77.6538,77.7338
820,Somnath,,78,70.401157,20.888047,India,20.8707,20.9107,70.3825,70.4225
821,Dwarka,,78,68.968456,22.244197,India,22.2071,22.2871,68.9342,69.0142
822,Jammu,,78,74.857026,32.726602,India,32.5586,32.8786,74.6981,75.0181
823,Ujjain,,78,75.788516,23.176467,India,23.0285,23.3485,75.6117,75.9317
824,Shirdi,,78,74.476212,19.764536,India,19.7268,19.8068,74.4354,74.5154
825,Palolem,,78,74.023219,15.009965,India,14.9928,15.0328,74.0019,74.0419
826,Varkala,,78,76.716336,8.737868,India,8.6942,8.7742,76.6857,76.7657
827,Alwar,,78,76.634574,27.552991,India,27.5349,27.595,76.5869,76.6271
828,Amritapuri,,78,76.489564,9.094938,India,9.068,9.108,76.4677,76.5077
2000,Chernihiv,,186,,,Ukraine,51.3341,51.6541,31.1343,31.4543
2001,Cherkasy,,186,,,Ukraine,49.2848,49.6048,31.8988,32.2188
2002,Zhytomyr,,186,,,Ukraine,50.0998,50.4198,28.5092,28.8292
2003,Rivne,,186,,,Ukraine,50.5693,50.6523,26.1476,26.3409
2004,Lutsk,,186,,,Ukraine,50.5851,50.9051,25.1601,25.4801
2005,Khmelnytskyi,,186,,,Ukraine,49.2596,49.5796,26.8194,27.1394
2006,Ternopil,,186,,,Ukraine,49.3958,49.7158,25.4319,25.7519
2007,Mukachevo,,186,,,Ukraine,48.4101,48.4697,22.6573,22.7637
2008,Uzhgorod,,186,,,Ukraine,48.5762,48.6615,22.2098,22.3419
2009,Poltava,,186,,,Ukraine,49.4297,49.7497,34.3908,34.7108
2010,Uman,,186,,,Ukraine,48.7098,48.7898,30.1803,30.2603
2011,Mykolaiv,,186,,,Ukraine,46.8159,47.1359,31.834,32.154
2014,Voznesensk,,186,,,Ukraine,47.528,47.608,31.2939,31.3739
2015,Yuzhnoukrainsk,,186,,,Ukraine,47.7843,47.8643,31.1387,31.2187
2016,Kryvyi Rih,,186,,,Ukraine,47.7503,48.0703,33.2318,33.5518
2017,Pyatigorsk,,145,,,Russia,44.0272,44.0721,42.9564,43.1161
2018,Dombay,,145,,,Russia,43.2828,43.3075,41.6166,41.6345
2019,Arkhyz,,145,,,Russia,43.558,43.5704,41.2711,41.2906
2020,Yessentuki,,145,,,Russia,43.887,44.207,42.6977,43.0177
2021,Yalta,,145,,,Ukraine,44.4778,44.5271,34.1209,34.1941
2022,Simferopol,,145,,,Ukraine,44.8908,45.0043,34.0289,34.1989
2023,Sevastopol,,145,,,Russia,53.4522,53.4599,35.1813,35.1936
2023,Kerch,,186,,,Ukraine,45.213,45.395,36.3496,36.6379
,Mariupol,,186,,,Ukraine,47.0276,47.2295,37.4655,37.6948
,Novokuznetsk ,,145,,,Russia,53.6403,53.9483,86.8592,87.4509
,Blagoveshchensk ,,145,,,Russia,50.1305,50.4505,127.3672,127.6872
,Noyabrsk ,,145,,,Russia,63.0403,63.3603,75.2876,75.6076
