from,to,transportation_type_id,transportation_type,price_unit,unit,price_euro,duration_minutes
126,119,1,flight,60,GBP,71.89,375.0
126,119,1,flight,80,GBP,95.85,380.0
126,119,1,flight,60,GBP,71.89,375.0
126,119,1,flight,80,GBP,95.85,380.0
126,120,1,flight,100,GBP,119.81,255.0
126,122,1,flight,55,GBP,65.9,260.0
126,123,1,flight,14000,HUF,37.98,280.0
126,123, ,car,90000,HUF,244.15,1134.5
126,124,1,flight,30,EUR,30.0,190.0
126,124, ,car,45,EUR,45.0,196.2
126,127,1,flight,370,DKK,49.73,220.0
126,127, ,car,370,DKK,49.73,214.6
126,128,1,flight,35,EUR,35.0,205.0
126,128, ,car,150,EUR,150.0,729.7
126,129,1,flight,85,EUR,85.0,270.0
126,129, ,car,110,EUR,110.0,561.6
126,130,1,flight,35,EUR,35.0,265.0
126,130, ,car,210,EUR,210.0,914.2
126,131,1,flight,800,NOK,79.3,320.0
126,131, ,car,4400,NOK,436.17,1813.9
126,132,1,flight,1400,NOK,138.78,480.0
126,132, ,car,5500,NOK,545.21,2349.3
126,134,1,flight,35,USD,31.35,305.0
126,134, ,car,380,USD,340.41,1659.9
126,135,1,flight,17000,RSD,-1,335.0
126,135, ,car,32000,RSD,-1,1290.2
126,135, ,car,26000,RUB,271.63,1300.6
126,135,1,flight,17000,RSD,-1,335.0
126,135, ,car,32000,RSD,-1,1290.2
126,135, ,car,26000,RUB,271.63,1300.6
126,136,1,flight,29,EUR,29.0,490.0
126,136, ,car,220,EUR,220.0,1031.4
126,137,1,flight,80,EUR,80.0,80.0
126,137, ,car,75,EUR,75.0,381.1
126,139, ,car,5000,CZK,199.28,981.9
126,140,1,flight,90,EUR,90.0,200.0
126,140, ,car,130,EUR,130.0,614.5
126,141, ,car,12000,RUB,125.37,664.4
126,142,1,flight,65,GBP,77.88,415.0
126,145,1,flight,65,EUR,65.0,315.0
126,145, ,car,120,EUR,120.0,583.3
126,146,1,flight,210,EUR,210.0,210.0
126,147,1,flight,340,DKK,45.7,190.0
126,147, ,car,550,DKK,73.92,312.6
126,147, ,car,500,DKK,67.2,301.6
126,147,1,flight,340,DKK,45.7,190.0
126,147, ,car,550,DKK,73.92,312.6
126,147, ,car,500,DKK,67.2,301.6
126,150,1,flight,35,EUR,35.0,330.0
126,151,1,flight,70,EUR,70.0,265.0
126,152,1,flight,90,EUR,90.0,315.0
126,153,1,flight,35,USD,31.35,305.0
126,153, ,car,330,USD,295.62,1467.6
126,154,1,flight,150,EUR,150.0,210.0
126,154, ,car,95,EUR,95.0,461.8
126,155, ,car,120,EUR,120.0,612.5
126,156,1,flight,110,EUR,110.0,230.0
126,156, ,car,40,EUR,40.0,218.6
126,159, ,car,25,EUR,25.0,109.2
126,160,1,flight,130,EUR,130.0,205.0
126,160, ,car,55,EUR,55.0,226.8
126,161,1,flight,80,EUR,80.0,195.0
126,161, ,car,30,EUR,30.0,138.9
126,161, ,car,35,EUR,35.0,159.7
126,161, ,car,11000,RUB,114.92,580.2
126,161,1,flight,80,EUR,80.0,195.0
126,161, ,car,30,EUR,30.0,138.9
126,161, ,car,35,EUR,35.0,159.7
126,161, ,car,11000,RUB,114.92,580.2
126,161,1,flight,80,EUR,80.0,195.0
126,161, ,car,30,EUR,30.0,138.9
126,161, ,car,35,EUR,35.0,159.7
126,161, ,car,11000,RUB,114.92,580.2
126,162,1,flight,70,EUR,70.0,260.0
126,163,1,flight,2900,TRY,180.66,525.0
126,163, ,car,7500,TRY,467.22,2313.1
126,164,1,flight,4600,HRK,609.11,270.0
126,164, ,car,2200,HRK,291.31,1456.8
126,166,1,flight,23,GBP,27.56,265.0
126,169, ,car,390,DKK,52.42,211.4
126,171,1,flight,1500,ILS,379.92,725.0
126,172, ,car,130,EUR,130.0,556.5
126,174,1,flight,120,EUR,120.0,215.0
126,174, ,car,130,EUR,130.0,632.2
126,174, ,car,120,EUR,120.0,609.7
126,174,1,flight,120,EUR,120.0,215.0
126,174, ,car,130,EUR,130.0,632.2
126,174, ,car,120,EUR,120.0,609.7
126,175,1,flight,170,EUR,170.0,415.0
126,175, ,car,150,EUR,150.0,746.3
126,176,1,flight,45,EUR,45.0,545.0
126,177,1,flight,160,EUR,160.0,245.0
126,177, ,car,220,EUR,220.0,961.8
126,178,1,flight,2100,NOK,208.17,505.0
126,178, ,car,4500,NOK,446.08,1909.9
126,179,1,flight,35,EUR,35.0,275.0
126,179, ,car,250,EUR,250.0,1123.3
126,180,1,flight,50,EUR,50.0,335.0
126,181,1,flight,130,EUR,130.0,405.0
126,181, ,car,210,EUR,210.0,988.9
126,183,1,flight,85,USD,76.14,475.0
126,184,1,flight,65,GBP,77.88,305.0
126,184,1,flight,65,GBP,77.88,305.0
126,185, ,car,450,EUR,450.0,2337.4
126,186,1,flight,45,EUR,45.0,395.0
126,186, ,car,200,EUR,200.0,1012.4
126,187, ,car,140,EUR,140.0,667.4
126,189,1,flight,43000,INR,510.11,915.0
126,190, ,car,25,EUR,25.0,117.0
126,191,1,flight,440,PLN,94.51,390.0
126,191, ,car,1100,PLN,236.28,1181.4
126,192,1,flight,90,CHF,87.21,205.0
126,192, ,car,130,CHF,125.97,607.4
126,193,1,flight,700,SEK,65.21,350.0
126,193, ,car,2900,SEK,270.17,1221.7
126,193,1,flight,700,SEK,65.21,350.0
126,193, ,car,2900,SEK,270.17,1221.7
126,196, ,car,15,EUR,15.0,77.4
126,196, ,towncar,100,EUR,100.0,77.4
126,196,1,flight,67000,RUB,699.98,1095.0
126,196, ,car,15,EUR,15.0,77.4
126,196, ,towncar,100,EUR,100.0,77.4
126,196,1,flight,67000,RUB,699.98,1095.0
126,197, ,car,13,EUR,13.0,60.5
126,200,1,flight,180,EUR,180.0,225.0
126,201,1,flight,160,EUR,160.0,315.0
126,201, ,car,450,EUR,450.0,2337.4
126,202,1,flight,120,EUR,120.0,415.0
126,202, ,car,180,EUR,180.0,848.7
126,203,1,flight,75,GBP,89.86,455.0
126,204, ,car,100000,HUF,271.27,1251.9
126,205,1,flight,30,EUR,30.0,260.0
126,206,1,flight,4000,TRY,249.18,395.0
126,206, ,car,7000,TRY,436.07,2125.1
127,100,1,flight,550,USD,492.7,925.0
127,101,1,flight,16,GBP,19.17,215.0
127,103,1,flight,24,EUR,24.0,465.0
127,103, ,car,350,EUR,350.0,1451.6
127,104,1,flight,28,EUR,28.0,300.0
127,104, ,car,390,EUR,390.0,1617.4
127,105,1,flight,30,EUR,30.0,195.0
127,105, ,car,330,EUR,330.0,1410.5
127,106,1,flight,45,EUR,45.0,445.0
127,106, ,car,360,EUR,360.0,1554.9
127,107, ,car,200,DKK,26.88,129.3
127,108, ,car,130,DKK,17.47,89.3
127,108, ,towncar,959,DKK,128.89,89.3
127,108, ,towncar,959,DKK,128.89,89.3
127,109,1,flight,35,EUR,35.0,335.0
127,109, ,car,240,EUR,240.0,953.2
127,111,1,flight,35,EUR,35.0,70.0
127,111, ,car,100,EUR,100.0,414.3
127,112,1,flight,4900,TRY,305.25,240.0
127,112, ,car,7000,TRY,436.07,2141.5
127,113,1,flight,2400,TRY,149.51,360.0
127,113, ,car,6500,TRY,404.92,1782.8
127,114,1,flight,2000,TRY,124.59,230.0
127,114, ,car,7000,TRY,436.07,2030.5
127,115, ,car,140,CHF,135.66,586.6
127,116,1,flight,27,EUR,27.0,85.0
127,116, ,car,110,EUR,110.0,453.5
127,116,1,flight,19,EUR,19.0,90.0
127,116, ,car,110,EUR,110.0,463.3
127,116,1,flight,27,EUR,27.0,85.0
127,116, ,car,110,EUR,110.0,453.5
127,116,1,flight,19,EUR,19.0,90.0
127,116, ,car,110,EUR,110.0,463.3
127,117,1,flight,65,USD,58.23,395.0
127,117, ,car,370,USD,331.45,1409.4
127,118, ,car,240,USD,215.0,912.6
127,119,1,flight,55,GBP,65.9,235.0
127,119,1,flight,70,GBP,83.87,230.0
127,119,1,flight,55,GBP,65.9,235.0
127,119,1,flight,70,GBP,83.87,230.0
127,120,1,flight,28,GBP,33.55,215.0
127,122,1,flight,25,GBP,29.95,210.0
127,123,1,flight,7500,HUF,20.35,120.0
127,123, ,car,65000,HUF,176.33,781.5
127,124,1,flight,35,EUR,35.0,205.0
127,124, ,car,75,EUR,75.0,334.1
127,126,1,flight,30,EUR,30.0,195.0
127,126, ,car,50,EUR,50.0,215.7
127,128,1,flight,21,EUR,21.0,160.0
127,128, ,car,270,EUR,270.0,1130.5
127,129,1,flight,55,EUR,55.0,260.0
127,129, ,car,260,EUR,260.0,1123.0
127,130,1,flight,17,EUR,17.0,130.0
127,130, ,car,210,EUR,210.0,847.3
127,131,1,flight,370,NOK,36.68,75.0
127,131, ,car,1900,NOK,188.35,949.7
127,132,1,flight,650,NOK,64.43,210.0
127,132, ,car,3200,NOK,317.21,1485.0
127,134,1,flight,21,USD,18.81,160.0
127,134, ,car,320,USD,286.66,1306.8
127,135,1,flight,2000,RSD,-1,145.0
127,135, ,car,27000,RSD,-1,954.5
127,135, ,car,21000,RUB,219.4,950.0
127,135,1,flight,2000,RSD,-1,145.0
127,135, ,car,27000,RSD,-1,954.5
127,135, ,car,21000,RUB,219.4,950.0
127,136, ,car,160,EUR,160.0,663.6
127,137,1,flight,30,EUR,30.0,260.0
127,137, ,car,220,EUR,220.0,942.6
127,139,1,flight,1000,CZK,39.86,540.0
127,139, ,car,3600,CZK,143.48,591.2
127,140,1,flight,45,EUR,45.0,190.0
127,140, ,car,140,EUR,140.0,572.4
127,141, ,car,14000,RUB,146.26,638.1
127,142,1,flight,130,GBP,155.76,235.0
127,145,1,flight,18,EUR,18.0,240.0
127,145, ,car,90,EUR,90.0,368.8
127,146,1,flight,35,EUR,35.0,295.0
127,147,1,flight,150,DKK,20.16,55.0
127,147, ,car,250,DKK,33.6,161.3
127,147, ,car,230,DKK,30.91,150.3
127,147,1,flight,150,DKK,20.16,55.0
127,147, ,car,250,DKK,33.6,161.3
127,147, ,car,230,DKK,30.91,150.3
127,150,1,flight,22,EUR,22.0,270.0
127,151,1,flight,29,EUR,29.0,270.0
127,152,1,flight,24,EUR,24.0,295.0
127,153,1,flight,19,USD,17.02,140.0
127,153, ,car,270,USD,241.87,1114.5
127,154,1,flight,130,EUR,130.0,365.0
127,154, ,car,200,EUR,200.0,845.9
127,155, ,car,180,EUR,180.0,766.4
127,156,1,flight,180,EUR,180.0,455.0
127,156, ,car,170,EUR,170.0,717.5
127,159, ,car,75,EUR,75.0,312.3
127,160,1,flight,120,EUR,120.0,205.0
127,160, ,car,100,EUR,100.0,397.8
127,161,1,flight,70,EUR,70.0,75.0
127,161, ,car,85,EUR,85.0,341.9
127,161, ,car,85,EUR,85.0,362.8
127,161, ,car,8000,RUB,83.58,359.6
127,161,1,flight,70,EUR,70.0,75.0
127,161, ,car,85,EUR,85.0,341.9
127,161, ,car,85,EUR,85.0,362.8
127,161, ,car,8000,RUB,83.58,359.6
127,161,1,flight,70,EUR,70.0,75.0
127,161, ,car,85,EUR,85.0,341.9
127,161, ,car,85,EUR,85.0,362.8
127,161, ,car,8000,RUB,83.58,359.6
127,162,1,flight,19,EUR,19.0,125.0
127,163,1,flight,1900,TRY,118.36,360.0
127,163, ,car,7000,TRY,436.07,1977.4
127,164,1,flight,750,HRK,99.31,345.0
127,164, ,car,2000,HRK,264.83,1194.3
127,166,1,flight,18,GBP,21.57,100.0
127,167,1,flight,65,GBP,77.88,355.0
127,169,2,bus,35,DKK,4.7,61.0
127,169, ,car,950,DKK,127.68,43.4
127,169, ,car,45,DKK,6.05,43.4
127,169, ,towncar,959,DKK,128.89,43.4
127,169, ,towncar,959,DKK,128.89,43.4
127,171,1,flight,140,ILS,35.46,650.0
127,172,1,flight,16,EUR,16.0,280.0
127,172, ,car,100,EUR,100.0,398.0
127,174,1,flight,19,EUR,19.0,85.0
127,174, ,car,100,EUR,100.0,419.2
127,174, ,car,110,EUR,110.0,461.0
127,174,1,flight,19,EUR,19.0,85.0
127,174, ,car,100,EUR,100.0,419.2
127,174, ,car,110,EUR,110.0,461.0
127,175,1,flight,130,EUR,130.0,190.0
127,175, ,car,130,EUR,130.0,575.1
127,176,1,flight,45,EUR,45.0,410.0
127,177,1,flight,95,EUR,95.0,240.0
127,177, ,car,230,EUR,230.0,894.9
127,178,1,flight,600,NOK,59.48,190.0
127,179,1,flight,40,EUR,40.0,305.0
127,179, ,car,390,EUR,390.0,1684.7
127,180,1,flight,50,EUR,50.0,365.0
127,181,1,flight,230,EUR,230.0,240.0
127,181, ,car,170,EUR,170.0,710.5
127,183,1,flight,19,USD,17.02,440.0
127,184,1,flight,17,GBP,20.37,215.0
127,184,1,flight,17,GBP,20.37,215.0
127,186,1,flight,40,EUR,40.0,375.0
127,186, ,car,360,EUR,360.0,1573.8
127,187,1,flight,45,EUR,45.0,400.0
127,187, ,car,250,EUR,250.0,1068.1
127,189,1,flight,37000,INR,438.93,845.0
127,190,1,flight,100,EUR,100.0,225.0
127,190, ,car,75,EUR,75.0,323.6
127,191,1,flight,50,PLN,10.74,70.0
127,191, ,car,550,PLN,118.14,600.4
127,192,1,flight,30,CHF,29.07,200.0
127,192, ,car,170,CHF,164.73,715.7
127,193,1,flight,140,SEK,13.04,60.0
127,193,1,flight,140,SEK,13.04,60.0
127,194,1,flight,90,GBP,107.83,185.0
127,196,1,flight,18,EUR,18.0,210.0
127,196, ,car,35,EUR,35.0,153.6
127,196,1,flight,18,EUR,18.0,210.0
127,196, ,car,35,EUR,35.0,153.6
127,197,1,flight,100,EUR,100.0,195.0
127,197, ,car,50,EUR,50.0,231.5
127,200,1,flight,100,EUR,100.0,390.0
127,201,1,flight,40,EUR,40.0,105.0
127,202,1,flight,110,EUR,110.0,245.0
127,202, ,car,160,EUR,160.0,632.2
127,203,1,flight,18,GBP,21.57,365.0
127,204, ,car,75000,HUF,203.46,898.9
127,205,1,flight,30,EUR,30.0,185.0
127,206,1,flight,1500,TRY,93.44,365.0
127,206, ,car,6500,TRY,404.92,1789.4
128,100,1,flight,410,USD,367.28,950.0
128,101,1,flight,60,GBP,71.89,305.0
128,103,1,flight,17,EUR,17.0,405.0
128,103, ,car,380,EUR,380.0,1603.6
128,104,1,flight,25,EUR,25.0,175.0
128,104, ,car,410,EUR,410.0,1769.4
128,105,1,flight,21,EUR,21.0,70.0
128,105, ,car,50,EUR,50.0,300.0
128,106,1,flight,55,EUR,55.0,80.0
128,106, ,car,80,EUR,80.0,444.4
128,107,1,flight,220,DKK,29.57,185.0
128,107, ,car,2100,DKK,282.24,1219.1
128,108,1,flight,280,DKK,37.63,275.0
128,108, ,car,2100,DKK,282.24,1179.0
128,109,1,flight,26,EUR,26.0,270.0
128,109, ,car,180,EUR,180.0,760.8
128,111,1,flight,35,EUR,35.0,140.0
128,111, ,car,210,EUR,210.0,881.2
128,112,1,flight,2300,TRY,143.28,455.0
128,112, ,car,6500,TRY,404.92,2293.5
128,113,1,flight,1200,TRY,74.75,335.0
128,113, ,car,6000,TRY,373.77,1934.9
128,114,1,flight,1200,TRY,74.75,360.0
128,114, ,car,6500,TRY,404.92,2182.6
128,115, ,car,140,CHF,135.66,666.5
128,116,1,flight,19,EUR,19.0,130.0
128,116, ,car,150,EUR,150.0,761.0
128,116,1,flight,19,EUR,19.0,135.0
128,116, ,car,150,EUR,150.0,736.5
128,116,1,flight,19,EUR,19.0,130.0
128,116, ,car,150,EUR,150.0,761.0
128,116,1,flight,19,EUR,19.0,135.0
128,116, ,car,150,EUR,150.0,736.5
128,117,1,flight,55,USD,49.27,370.0
128,117, ,car,320,USD,286.66,1561.5
128,118, ,car,200,USD,179.16,1005.7
128,119,1,flight,40,GBP,47.93,170.0
128,119,1,flight,80,GBP,95.85,290.0
128,119,1,flight,40,GBP,47.93,170.0
128,119,1,flight,80,GBP,95.85,290.0
128,120,1,flight,15,GBP,17.97,145.0
128,122,1,flight,9,GBP,10.78,145.0
128,123,1,flight,7000,HUF,18.99,160.0
128,123, ,car,75000,HUF,203.46,1104.3
128,124,1,flight,21,EUR,21.0,160.0
128,124, ,car,220,EUR,220.0,986.4
128,126,1,flight,35,EUR,35.0,255.0
128,126, ,car,150,EUR,150.0,735.2
128,127,1,flight,150,DKK,20.16,160.0
128,127, ,car,2000,DKK,268.8,1130.6
128,129,1,flight,23,EUR,23.0,75.0
128,129, ,car,60,EUR,60.0,348.2
128,130,1,flight,10,EUR,10.0,100.0
128,130, ,car,150,EUR,150.0,654.8
128,131,1,flight,500,NOK,49.56,200.0
128,131, ,car,5000,NOK,495.65,2017.0
128,132,1,flight,750,NOK,74.35,390.0
128,132, ,car,6000,NOK,594.78,2552.3
128,134,1,flight,23,USD,20.6,185.0
128,134, ,car,310,USD,277.7,1609.8
128,135,1,flight,6500,RSD,-1,150.0
128,135, ,car,24000,RSD,-1,1106.5
128,135, ,car,20000,RUB,208.95,1117.0
128,135,1,flight,6500,RSD,-1,150.0
128,135, ,car,24000,RSD,-1,1106.5
128,135, ,car,20000,RUB,208.95,1117.0
128,136,1,flight,20,EUR,20.0,260.0
128,136, ,car,210,EUR,210.0,1060.0
128,137,1,flight,22,EUR,22.0,75.0
128,137, ,car,75,EUR,75.0,369.7
128,139,1,flight,900,CZK,35.87,540.0
128,139, ,car,5000,CZK,199.28,1032.4
128,140,1,flight,26,EUR,26.0,110.0
128,140, ,car,120,EUR,120.0,585.9
128,141, ,car,10000,RUB,104.47,547.3
128,145,1,flight,20,EUR,20.0,140.0
128,145, ,car,160,EUR,160.0,782.4
128,146,1,flight,40,EUR,40.0,150.0
128,147,1,flight,210,DKK,28.22,180.0
128,147, ,car,2200,DKK,295.68,1228.6
128,147, ,car,2100,DKK,282.24,1217.6
128,147,1,flight,210,DKK,28.22,180.0
128,147, ,car,2200,DKK,295.68,1228.6
128,147, ,car,2100,DKK,282.24,1217.6
128,150,1,flight,30,EUR,30.0,280.0
128,151,1,flight,21,EUR,21.0,85.0
128,152,1,flight,22,EUR,22.0,125.0
128,153,1,flight,40,USD,35.83,180.0
128,153, ,car,280,USD,250.83,1439.2
128,154,1,flight,22,EUR,22.0,240.0
128,154, ,car,75,EUR,75.0,361.1
128,155, ,car,85,EUR,85.0,403.4
128,156,1,flight,45,EUR,45.0,235.0
128,156, ,car,140,EUR,140.0,683.6
128,159,1,flight,21,EUR,21.0,325.0
128,159, ,car,170,EUR,170.0,829.6
128,160,1,flight,30,EUR,30.0,245.0
128,160, ,car,200,EUR,200.0,932.7
128,161,1,flight,40,EUR,40.0,135.0
128,161, ,car,160,EUR,160.0,803.7
128,161, ,car,170,EUR,170.0,838.1
128,161, ,car,15000,RUB,156.71,802.1
128,161,1,flight,40,EUR,40.0,135.0
128,161, ,car,160,EUR,160.0,803.7
128,161, ,car,170,EUR,170.0,838.1
128,161, ,car,15000,RUB,156.71,802.1
128,161,1,flight,40,EUR,40.0,135.0
128,161, ,car,160,EUR,160.0,803.7
128,161, ,car,170,EUR,170.0,838.1
128,161, ,car,15000,RUB,156.71,802.1
128,162,1,flight,23,EUR,23.0,165.0
128,163,1,flight,1600,TRY,99.67,355.0
128,163, ,car,6500,TRY,404.92,2129.5
128,164,1,flight,410,HRK,54.29,135.0
128,164, ,car,1700,HRK,225.11,1255.7
128,165,1,flight,20,GBP,23.96,140.0
128,166,1,flight,23,GBP,27.56,180.0
128,169, ,car,2000,DKK,268.8,1127.4
128,171,1,flight,550,ILS,139.3,580.0
128,172,1,flight,25,EUR,25.0,140.0
128,172, ,car,200,EUR,200.0,829.7
128,174,1,flight,23,EUR,23.0,130.0
128,174, ,car,150,EUR,150.0,721.2
128,174,1,flight,17,EUR,17.0,135.0
128,174, ,car,150,EUR,150.0,725.9
128,174,1,flight,23,EUR,23.0,130.0
128,174, ,car,150,EUR,150.0,721.2
128,174,1,flight,17,EUR,17.0,135.0
128,174, ,car,150,EUR,150.0,725.9
128,175,1,flight,20,EUR,20.0,230.0
128,175, ,car,140,EUR,140.0,702.3
128,176,1,flight,26,EUR,26.0,190.0
128,177,1,flight,40,EUR,40.0,100.0
128,177, ,car,140,EUR,140.0,643.0
128,178,1,flight,850,NOK,84.26,305.0
128,178, ,car,5000,NOK,495.65,2112.9
128,179,1,flight,23,EUR,23.0,120.0
128,179, ,car,150,EUR,150.0,684.5
128,180,1,flight,50,EUR,50.0,180.0
128,181,1,flight,95,EUR,95.0,250.0
128,181, ,car,170,EUR,170.0,925.7
128,183,1,flight,17,USD,15.23,280.0
128,184,1,flight,35,GBP,41.93,190.0
128,184,1,flight,15,GBP,17.97,170.0
128,184,1,flight,35,GBP,41.93,190.0
128,184,1,flight,15,GBP,17.97,170.0
128,185, ,car,490,EUR,490.0,2460.1
128,186,1,flight,25,EUR,25.0,90.0
128,186, ,car,85,EUR,85.0,497.0
128,187,2,bus,8,EUR,8.0,160.0
128,187, ,car,11,EUR,11.0,69.2
128,187, ,towncar,51,EUR,51.0,69.2
128,187, ,towncar,180,EUR,180.0,69.2
128,189,1,flight,24000,INR,284.71,850.0
128,189, ,car,90000,INR,1067.67,7556.4
128,190, ,car,220,EUR,220.0,940.5
128,191,1,flight,160,PLN,34.37,185.0
128,191, ,car,1100,PLN,236.28,1304.1
128,192,1,flight,21,CHF,20.35,100.0
128,192, ,car,95,CHF,92.05,448.4
128,193,1,flight,310,SEK,28.88,195.0
128,193, ,car,3500,SEK,326.07,1424.7
128,193,1,flight,310,SEK,28.88,195.0
128,193, ,car,3500,SEK,326.07,1424.7
128,196,1,flight,28,EUR,28.0,160.0
128,196, ,car,210,EUR,210.0,990.3
128,196,1,flight,36000,RUB,376.11,1060.0
128,196,1,flight,28,EUR,28.0,160.0
128,196, ,car,210,EUR,210.0,990.3
128,196,1,flight,36000,RUB,376.11,1060.0
128,197,1,flight,50,EUR,50.0,155.0
128,197, ,car,190,EUR,190.0,914.6
128,200,1,flight,45,EUR,45.0,185.0
128,201,1,flight,45,EUR,45.0,230.0
128,201, ,car,490,EUR,490.0,2460.1
128,202,1,flight,55,EUR,55.0,275.0
128,202, ,car,140,EUR,140.0,787.8
128,203,1,flight,50,GBP,59.91,320.0
128,204, ,car,80000,HUF,217.02,1223.5
128,205,1,flight,8,EUR,8.0,60.0
128,206,1,flight,1400,TRY,87.21,310.0
128,206, ,car,6000,TRY,373.77,1941.4
129,100,1,flight,470,USD,421.03,935.0
129,101,1,flight,75,GBP,89.86,335.0
129,103,1,flight,25,EUR,25.0,495.0
129,103, ,car,420,EUR,420.0,1771.0
129,104,1,flight,60,EUR,60.0,295.0
129,104, ,car,460,EUR,460.0,1936.8
129,105,1,flight,26,EUR,26.0,80.0
129,105, ,car,80,EUR,80.0,473.2
129,106,1,flight,80,EUR,80.0,95.0
129,106, ,car,100,EUR,100.0,573.6
129,107,1,flight,850,DKK,114.24,340.0
129,107, ,car,2100,DKK,282.24,1210.9
129,108,1,flight,220,DKK,29.57,385.0
129,108, ,car,2000,DKK,268.8,1170.9
129,109,1,flight,190,EUR,190.0,335.0
129,109, ,car,220,EUR,220.0,928.2
129,111,1,flight,35,EUR,35.0,130.0
129,111, ,car,190,EUR,190.0,802.9
129,112,1,flight,2900,TRY,180.66,545.0
129,112, ,car,7500,TRY,467.22,2460.9
129,113,1,flight,2400,TRY,149.51,385.0
129,113, ,car,6500,TRY,404.92,2102.2
129,114,1,flight,2400,TRY,149.51,430.0
129,114, ,car,7000,TRY,436.07,2349.9
129,115, ,car,170,CHF,164.73,802.1
129,116,1,flight,40,EUR,40.0,110.0
129,116, ,car,140,EUR,140.0,682.7
129,116,1,flight,18,EUR,18.0,275.0
129,116, ,car,130,EUR,130.0,662.9
129,116,1,flight,40,EUR,40.0,110.0
129,116, ,car,140,EUR,140.0,682.7
129,116,1,flight,18,EUR,18.0,275.0
129,116, ,car,130,EUR,130.0,662.9
129,117,1,flight,80,USD,71.67,390.0
129,117, ,car,360,USD,322.49,1728.8
129,118, ,car,240,USD,215.0,1173.1
129,119,1,flight,40,GBP,47.93,240.0
129,119,1,flight,40,GBP,47.93,270.0
129,119,1,flight,40,GBP,47.93,240.0
129,119,1,flight,40,GBP,47.93,270.0
129,120,1,flight,50,GBP,59.91,260.0
129,121,1,flight,20,GBP,23.96,310.0
129,122,1,flight,35,GBP,41.93,105.0
129,123,1,flight,23000,HUF,62.39,285.0
129,123, ,car,85000,HUF,230.58,1271.7
129,124,1,flight,45,EUR,45.0,255.0
129,124, ,car,230,EUR,230.0,1058.5
129,126,1,flight,85,EUR,85.0,340.0
129,126, ,car,110,EUR,110.0,563.9
129,127,1,flight,440,DKK,59.14,265.0
129,127, ,car,1900,DKK,255.36,1122.5
129,128,1,flight,23,EUR,23.0,70.0
129,128, ,car,60,EUR,60.0,348.8
129,130,1,flight,40,EUR,40.0,250.0
129,130, ,car,190,EUR,190.0,822.2
129,131,1,flight,900,NOK,89.22,285.0
129,131, ,car,4900,NOK,485.74,2008.9
129,132,1,flight,1000,NOK,99.13,445.0
129,132, ,car,6000,NOK,594.78,2544.2
129,134,1,flight,50,USD,44.79,215.0
129,134, ,car,340,USD,304.58,1777.2
129,135,1,flight,12000,RSD,-1,275.0
129,135, ,car,28000,RSD,-1,1273.9
129,135, ,car,23000,RUB,240.29,1284.4
129,135,1,flight,12000,RSD,-1,275.0
129,135, ,car,28000,RSD,-1,1273.9
129,135, ,car,23000,RUB,240.29,1284.4
129,136,1,flight,20,EUR,20.0,425.0
129,136, ,car,230,EUR,230.0,1178.3
129,137,1,flight,40,EUR,40.0,195.0
129,137, ,car,40,EUR,40.0,189.9
129,139, ,car,5000,CZK,199.28,1135.9
129,140,1,flight,45,EUR,45.0,240.0
129,140, ,car,140,EUR,140.0,689.4
129,141, ,car,13000,RUB,135.82,682.9
129,142,1,flight,30,GBP,35.94,295.0
129,145,1,flight,40,EUR,40.0,280.0
129,145, ,car,160,EUR,160.0,778.3
129,146,1,flight,40,EUR,40.0,355.0
129,147,1,flight,360,DKK,48.38,285.0
129,147, ,car,2100,DKK,282.24,1220.5
129,147, ,car,2100,DKK,282.24,1209.5
129,147,1,flight,360,DKK,48.38,285.0
129,147, ,car,2100,DKK,282.24,1220.5
129,147, ,car,2100,DKK,282.24,1209.5
129,150,1,flight,65,EUR,65.0,290.0
129,151,1,flight,40,EUR,40.0,115.0
129,152,1,flight,65,EUR,65.0,295.0
129,153,1,flight,30,USD,26.87,320.0
129,153, ,car,320,USD,286.66,1606.6
129,154,1,flight,100,EUR,100.0,345.0
129,154, ,car,85,EUR,85.0,406.0
129,155, ,car,110,EUR,110.0,556.7
129,156, ,car,110,EUR,110.0,523.5
129,159,1,flight,65,EUR,65.0,385.0
129,159, ,car,170,EUR,170.0,821.6
129,160,1,flight,70,EUR,70.0,270.0
129,160, ,car,220,EUR,220.0,1035.8
129,161,1,flight,55,EUR,55.0,125.0
129,161, ,car,160,EUR,160.0,782.6
129,161, ,car,160,EUR,160.0,805.8
129,161, ,car,15000,RUB,156.71,775.1
129,161,1,flight,55,EUR,55.0,125.0
129,161, ,car,160,EUR,160.0,782.6
129,161, ,car,160,EUR,160.0,805.8
129,161, ,car,15000,RUB,156.71,775.1
129,161,1,flight,55,EUR,55.0,125.0
129,161, ,car,160,EUR,160.0,782.6
129,161, ,car,160,EUR,160.0,805.8
129,161, ,car,15000,RUB,156.71,775.1
129,162,1,flight,50,EUR,50.0,125.0
129,163,1,flight,2200,TRY,137.05,435.0
129,163, ,car,7000,TRY,436.07,2296.8
129,164,1,flight,500,HRK,66.21,305.0
129,164, ,car,1900,HRK,251.59,1423.1
129,165,1,flight,27,GBP,32.35,295.0
129,166,1,flight,50,GBP,59.91,295.0
129,167,1,flight,20,GBP,23.96,275.0
129,169, ,car,2000,DKK,268.8,1119.3
129,171,1,flight,1000,ILS,253.28,650.0
129,172,1,flight,55,EUR,55.0,115.0
129,172, ,car,180,EUR,180.0,751.4
129,174,1,flight,45,EUR,45.0,130.0
129,174, ,car,170,EUR,170.0,798.6
129,174, ,car,160,EUR,160.0,776.1
129,174,1,flight,45,EUR,45.0,130.0
129,174, ,car,170,EUR,170.0,798.6
129,174, ,car,160,EUR,160.0,776.1
129,175,1,flight,100,EUR,100.0,255.0
129,175, ,car,160,EUR,160.0,821.3
129,176,1,flight,70,EUR,70.0,175.0
129,177,1,flight,65,EUR,65.0,125.0
129,177, ,car,190,EUR,190.0,810.3
129,178,1,flight,950,NOK,94.17,370.0
129,178, ,car,5000,NOK,495.65,2104.8
129,179,1,flight,55,EUR,55.0,210.0
129,179, ,car,130,EUR,130.0,602.7
129,180,1,flight,110,EUR,110.0,165.0
129,181,1,flight,100,EUR,100.0,290.0
129,181, ,car,200,EUR,200.0,1093.1
129,183,1,flight,45,USD,40.31,250.0
129,184,1,flight,50,GBP,59.91,265.0
129,184,1,flight,21,GBP,25.16,380.0
129,184,1,flight,50,GBP,59.91,265.0
129,184,1,flight,21,GBP,25.16,380.0
129,185, ,car,500,EUR,500.0,2532.3
129,186,1,flight,40,EUR,40.0,90.0
129,186, ,car,85,EUR,85.0,491.8
129,187, ,car,70,EUR,70.0,385.8
129,189,1,flight,35000,INR,415.2,905.0
129,189, ,car,95000,INR,1126.98,7723.8
129,190,1,flight,85,EUR,85.0,475.0
129,190, ,car,210,EUR,210.0,899.9
129,191,1,flight,240,PLN,51.55,275.0
129,191, ,car,1200,PLN,257.77,1376.3
129,192,1,flight,40,CHF,38.76,95.0
129,192, ,car,120,CHF,116.28,583.9
129,193,1,flight,650,SEK,60.56,285.0
129,193, ,car,3500,SEK,326.07,1416.6
129,193,1,flight,650,SEK,60.56,285.0
129,193, ,car,3500,SEK,326.07,1416.6
129,194,1,flight,45,GBP,53.92,260.0
129,196,1,flight,50,EUR,50.0,150.0
129,196, ,car,210,EUR,210.0,985.3
129,196,1,flight,48000,RUB,501.48,1074.0
129,196,1,flight,50,EUR,50.0,150.0
129,196, ,car,210,EUR,210.0,985.3
129,196,1,flight,48000,RUB,501.48,1074.0
129,197,1,flight,60,EUR,60.0,260.0
129,197, ,car,190,EUR,190.0,921.9
129,200,1,flight,130,EUR,130.0,360.0
129,201,1,flight,80,EUR,80.0,350.0
129,201, ,car,500,EUR,500.0,2532.3
129,202,1,flight,85,EUR,85.0,335.0
129,202, ,car,160,EUR,160.0,923.4
129,203,1,flight,55,GBP,65.9,290.0
129,204,1,flight,9500,HUF,25.77,480.0
129,204, ,car,95000,HUF,257.71,1390.9
129,205,1,flight,35,EUR,35.0,85.0
129,206,1,flight,3500,TRY,218.03,385.0
129,206, ,car,6500,TRY,404.92,2108.8
130,100,1,flight,440,USD,394.16,935.0
130,101,1,flight,65,GBP,77.88,265.0
130,103,1,flight,14,EUR,14.0,375.0
130,103, ,car,230,EUR,230.0,987.1
130,104,1,flight,19,EUR,19.0,125.0
130,104, ,car,270,EUR,270.0,1152.9
130,105,1,flight,30,EUR,30.0,130.0
130,105, ,car,220,EUR,220.0,932.7
130,106,1,flight,29,EUR,29.0,280.0
130,106, ,car,250,EUR,250.0,1077.1
130,107,1,flight,120,DKK,16.13,260.0
130,107, ,car,1700,DKK,228.48,944.5
130,108,1,flight,110,DKK,14.78,410.0
130,108, ,car,1600,DKK,215.04,904.5
130,109, ,car,27,EUR,27.0,116.4
130,111,1,flight,35,EUR,35.0,125.0
130,111, ,car,170,EUR,170.0,724.7
130,112,1,flight,2000,TRY,124.59,400.0
130,112, ,car,5500,TRY,342.63,1677.0
130,113,1,flight,1600,TRY,99.67,295.0
130,113, ,car,4900,TRY,305.25,1318.4
130,114,1,flight,430,TRY,26.79,285.0
130,114, ,car,5000,TRY,311.48,1566.1
130,115,1,flight,20,CHF,19.38,405.0
130,115, ,car,70,CHF,67.83,317.9
130,116, ,car,140,EUR,140.0,645.6
130,116,1,flight,8,EUR,8.0,110.0
130,116, ,car,140,EUR,140.0,632.8
130,116, ,car,140,EUR,140.0,645.6
130,116,1,flight,8,EUR,8.0,110.0
130,116, ,car,140,EUR,140.0,632.8
130,117,1,flight,35,USD,31.35,335.0
130,117, ,car,250,USD,223.95,945.0
130,118, ,car,100,USD,89.58,389.3
130,119,1,flight,46,GBP,55.11,300.0
130,119,1,flight,75,GBP,89.86,280.0
130,119,1,flight,46,GBP,55.11,300.0
130,119,1,flight,75,GBP,89.86,280.0
130,120,1,flight,15,GBP,17.97,250.0
130,122,1,flight,29,GBP,34.75,250.0
130,123,1,flight,6000,HUF,16.28,85.0
130,123, ,car,42000,HUF,113.94,487.9
130,124,1,flight,12,EUR,12.0,105.0
130,124, ,car,150,EUR,150.0,600.4
130,126,1,flight,35,EUR,35.0,270.0
130,126, ,car,210,EUR,210.0,917.8
130,127,1,flight,140,DKK,18.82,130.0
130,127, ,car,1500,DKK,201.6,856.0
130,128,1,flight,10,EUR,10.0,100.0
130,128, ,car,150,EUR,150.0,652.7
130,129,1,flight,35,EUR,35.0,265.0
130,129, ,car,190,EUR,190.0,822.1
130,131,1,flight,550,NOK,54.52,285.0
130,131, ,car,4200,NOK,416.34,1742.4
130,132,1,flight,260,NOK,25.77,405.0
130,132, ,car,5500,NOK,545.21,2277.8
130,134,1,flight,11,USD,9.85,120.0
130,134, ,car,230,USD,206.04,993.3
130,135,1,flight,6500,RSD,-1,125.0
130,135, ,car,14000,RSD,-1,490.1
130,135, ,car,11000,RUB,114.92,500.5
130,135,1,flight,6500,RSD,-1,125.0
130,135, ,car,14000,RSD,-1,490.1
130,135, ,car,11000,RUB,114.92,500.5
130,136,1,flight,10,EUR,10.0,85.0
130,136, ,car,100,EUR,100.0,457.1
130,137,1,flight,24,EUR,24.0,110.0
130,137, ,car,150,EUR,150.0,686.1
130,139, ,car,2900,CZK,115.58,507.7
130,140,1,flight,45,EUR,45.0,200.0
130,140, ,car,70,EUR,70.0,339.1
130,141, ,car,6500,RUB,67.91,344.1
130,142,1,flight,75,GBP,89.86,285.0
130,145,1,flight,10,EUR,10.0,95.0
130,145, ,car,130,EUR,130.0,567.3
130,146,1,flight,23,EUR,23.0,95.0
130,147,1,flight,120,DKK,16.13,125.0
130,147, ,car,1700,DKK,228.48,954.0
130,147, ,car,1700,DKK,228.48,943.1
130,147,1,flight,120,DKK,16.13,125.0
130,147, ,car,1700,DKK,228.48,954.0
130,147, ,car,1700,DKK,228.48,943.1
130,150,1,flight,24,EUR,24.0,280.0
130,151,1,flight,10,EUR,10.0,80.0
130,152,1,flight,4,EUR,4.0,100.0
130,153,1,flight,11,USD,9.85,110.0
130,153, ,car,190,USD,170.21,822.7
130,154,1,flight,100,EUR,100.0,235.0
130,154, ,car,100,EUR,100.0,466.4
130,155, ,car,70,EUR,70.0,313.6
130,156,1,flight,110,EUR,110.0,485.0
130,156, ,car,170,EUR,170.0,742.2
130,159,1,flight,16,EUR,16.0,275.0
130,159, ,car,150,EUR,150.0,601.7
130,160,1,flight,70,EUR,70.0,200.0
130,160, ,car,130,EUR,130.0,544.2
130,161,1,flight,50,EUR,50.0,105.0
130,161, ,car,140,EUR,140.0,599.9
130,161, ,car,150,EUR,150.0,641.1
130,161, ,car,13000,RUB,135.82,611.7
130,161,1,flight,50,EUR,50.0,105.0
130,161, ,car,140,EUR,140.0,599.9
130,161, ,car,150,EUR,150.0,641.1
130,161, ,car,13000,RUB,135.82,611.7
130,161,1,flight,50,EUR,50.0,105.0
130,161, ,car,140,EUR,140.0,599.9
130,161, ,car,150,EUR,150.0,641.1
130,161, ,car,13000,RUB,135.82,611.7
130,162,1,flight,17,EUR,17.0,170.0
130,163,1,flight,1600,TRY,99.67,345.0
130,163, ,car,5500,TRY,342.63,1513.0
130,164,1,flight,100,HRK,13.24,235.0
130,164, ,car,1000,HRK,132.42,639.2
130,166,1,flight,21,GBP,25.16,170.0
130,169, ,car,1500,DKK,201.6,852.9
130,171,1,flight,90,ILS,22.8,505.0
130,172,1,flight,8,EUR,8.0,100.0
130,172, ,car,150,EUR,150.0,661.5
130,174,1,flight,25,EUR,25.0,90.0
130,174, ,car,110,EUR,110.0,489.1
130,174, ,car,120,EUR,120.0,527.2
130,174,1,flight,25,EUR,25.0,90.0
130,174, ,car,110,EUR,110.0,489.1
130,174, ,car,120,EUR,120.0,527.2
130,175,1,flight,75,EUR,75.0,195.0
130,175, ,car,70,EUR,70.0,343.6
130,176,1,flight,30,EUR,30.0,255.0
130,177, ,car,12,EUR,12.0,62.7
130,177, ,towncar,0,,0,62.7
130,177, ,towncar,0,,0,62.7
130,178,1,flight,300,NOK,29.74,380.0
130,178, ,car,4300,NOK,426.26,1838.3
130,179,1,flight,30,EUR,30.0,290.0
130,179, ,car,310,EUR,310.0,1317.2
130,180,1,flight,40,EUR,40.0,410.0
130,181,1,flight,100,EUR,100.0,200.0
130,181, ,car,70,EUR,70.0,309.3
130,183,1,flight,17,USD,15.23,375.0
130,184,1,flight,15,GBP,17.97,265.0
130,184,1,flight,15,GBP,17.97,265.0
130,185, ,car,390,EUR,390.0,2041.5
130,186,1,flight,25,EUR,25.0,280.0
130,186, ,car,260,EUR,260.0,1129.7
130,187, ,car,140,EUR,140.0,590.3
130,189,1,flight,7000,INR,83.04,720.0
130,190, ,car,180,EUR,180.0,713.7
130,191,1,flight,80,PLN,17.18,290.0
130,191, ,car,1000,PLN,214.8,918.2
130,192,1,flight,30,CHF,29.07,210.0
130,192, ,car,70,CHF,67.83,326.7
130,193,1,flight,180,SEK,16.77,255.0
130,193, ,car,3000,SEK,279.49,1150.2
130,193,1,flight,180,SEK,16.77,255.0
130,193, ,car,3000,SEK,279.49,1150.2
130,194,1,flight,75,GBP,89.86,395.0
130,196,1,flight,30,EUR,30.0,205.0
130,196, ,car,170,EUR,170.0,715.8
130,196,1,flight,40000,RUB,417.9,1055.0
130,196,1,flight,30,EUR,30.0,205.0
130,196, ,car,170,EUR,170.0,715.8
130,196,1,flight,40000,RUB,417.9,1055.0
130,197,1,flight,110,EUR,110.0,210.0
130,197, ,car,150,EUR,150.0,640.1
130,200,1,flight,30,EUR,30.0,145.0
130,201,1,flight,21,EUR,21.0,180.0
130,201, ,car,390,EUR,390.0,2041.5
130,202,1,flight,130,EUR,130.0,205.0
130,202, ,car,50,EUR,50.0,226.8
130,203,1,flight,43,GBP,51.52,355.0
130,204, ,car,50000,HUF,135.64,607.1
130,205,1,flight,35,EUR,35.0,115.0
130,206,1,flight,1400,TRY,87.21,320.0
130,206, ,car,5000,TRY,311.48,1325.0
131,100,1,flight,400,USD,358.33,875.0
131,101,1,flight,55,GBP,65.9,80.0
131,103,1,flight,23,EUR,23.0,485.0
131,103, ,car,550,EUR,550.0,2336.8
131,104,1,flight,40,EUR,40.0,345.0
131,104, ,car,600,EUR,600.0,2502.6
131,105,1,flight,40,EUR,40.0,210.0
131,105, ,car,550,EUR,550.0,2295.7
131,106,1,flight,110,EUR,110.0,460.0
131,106, ,car,600,EUR,600.0,2440.2
131,107,1,flight,420,DKK,56.45,200.0
131,108,1,flight,390,DKK,52.42,175.0
131,109,1,flight,30,EUR,30.0,390.0
131,109, ,car,450,EUR,450.0,1838.5
131,111,1,flight,65,EUR,65.0,100.0
131,111, ,car,290,EUR,290.0,1299.6
131,112,1,flight,5500,TRY,342.63,260.0
131,112, ,car,11000,TRY,685.25,3026.7
131,113,1,flight,1900,TRY,118.36,390.0
131,113, ,car,10000,TRY,622.96,2668.1
131,114,1,flight,1300,TRY,80.98,260.0
131,114, ,car,11000,TRY,685.25,2915.8
131,115, ,car,360,CHF,348.84,1471.8
131,116,1,flight,75,EUR,75.0,225.0
131,116, ,car,310,EUR,310.0,1338.8
131,116,1,flight,14,EUR,14.0,290.0
131,116, ,car,310,EUR,310.0,1348.6
131,116,1,flight,75,EUR,75.0,225.0
131,116, ,car,310,EUR,310.0,1338.8
131,116,1,flight,14,EUR,14.0,290.0
131,116, ,car,310,EUR,310.0,1348.6
131,117,1,flight,55,USD,49.27,320.0
131,117, ,car,600,USD,537.49,2294.7
131,118,1,flight,16,USD,14.33,405.0
131,118, ,car,490,USD,438.95,1797.9
131,119,1,flight,40,GBP,47.93,335.0
131,119,1,flight,45,GBP,53.92,270.0
131,119,1,flight,40,GBP,47.93,335.0
131,119,1,flight,45,GBP,53.92,270.0
131,120,1,flight,70,GBP,83.87,290.0
131,122,1,flight,40,GBP,47.93,250.0
131,123,1,flight,17000,HUF,46.12,275.0
131,123, ,car,140000,HUF,379.78,1666.7
131,124,1,flight,45,EUR,45.0,100.0
131,124, ,car,260,EUR,260.0,1219.4
131,126,1,flight,120,EUR,120.0,330.0
131,126, ,car,430,EUR,430.0,1814.1
131,127,1,flight,270,DKK,36.29,70.0
131,127, ,car,1400,DKK,188.16,948.3
131,128,1,flight,50,EUR,50.0,195.0
131,128, ,car,490,EUR,490.0,2015.7
131,129,1,flight,65,EUR,65.0,320.0
131,129, ,car,490,EUR,490.0,2008.3
131,130,1,flight,55,EUR,55.0,295.0
131,130, ,car,420,EUR,420.0,1732.6
131,132,1,flight,430,NOK,42.63,95.0
131,132, ,car,1900,NOK,188.35,1178.7
131,134,1,flight,21,USD,18.81,290.0
131,134, ,car,550,USD,492.7,2192.1
131,135,1,flight,2100,RSD,-1,280.0
131,135, ,car,50000,RSD,-1,1839.7
131,135, ,car,42000,RUB,438.79,1835.2
131,135,1,flight,2100,RSD,-1,280.0
131,135, ,car,50000,RSD,-1,1839.7
131,135, ,car,42000,RUB,438.79,1835.2
131,136,1,flight,220,EUR,220.0,385.0
131,136, ,car,370,EUR,370.0,1548.8
131,137,1,flight,60,EUR,60.0,290.0
131,137, ,car,440,EUR,440.0,1827.8
131,139, ,car,8500,CZK,338.78,1476.5
131,140,1,flight,45,EUR,45.0,220.0
131,140, ,car,340,EUR,340.0,1457.7
131,141, ,car,34000,RUB,355.21,1523.4
131,142,1,flight,65,GBP,77.88,385.0
131,145,1,flight,15,EUR,15.0,315.0
131,145, ,car,280,EUR,280.0,1254.1
131,146,1,flight,100,EUR,100.0,310.0
131,147,1,flight,250,DKK,33.6,80.0
131,147, ,car,1100,DKK,147.84,790.2
131,147, ,car,1200,DKK,161.28,817.7
131,147,1,flight,250,DKK,33.6,80.0
131,147, ,car,1100,DKK,147.84,790.2
131,147, ,car,1200,DKK,161.28,817.7
131,150,1,flight,65,EUR,65.0,290.0
131,151,1,flight,80,EUR,80.0,315.0
131,152,1,flight,21,EUR,21.0,325.0
131,153,1,flight,45,USD,40.31,310.0
131,153, ,car,500,USD,447.91,1999.8
131,154,1,flight,110,EUR,110.0,360.0
131,154, ,car,420,EUR,420.0,1731.1
131,155, ,car,390,EUR,390.0,1651.7
131,156,1,flight,140,EUR,140.0,550.0
131,156, ,car,380,EUR,380.0,1602.7
131,159,1,flight,21,EUR,21.0,445.0
131,159, ,car,270,EUR,270.0,1197.5
131,160,1,flight,80,EUR,80.0,230.0
131,160, ,car,290,EUR,290.0,1283.1
131,161,1,flight,40,EUR,40.0,220.0
131,161, ,car,280,EUR,280.0,1227.1
131,161, ,car,280,EUR,280.0,1248.0
131,161, ,car,27000,RUB,282.08,1244.8
131,161,1,flight,40,EUR,40.0,220.0
131,161, ,car,280,EUR,280.0,1227.1
131,161, ,car,280,EUR,280.0,1248.0
131,161, ,car,27000,RUB,282.08,1244.8
131,161,1,flight,40,EUR,40.0,220.0
131,161, ,car,280,EUR,280.0,1227.1
131,161, ,car,280,EUR,280.0,1248.0
131,161, ,car,27000,RUB,282.08,1244.8
131,162,1,flight,50,EUR,50.0,210.0
131,163,1,flight,1800,TRY,112.13,420.0
131,163, ,car,11000,TRY,685.25,2862.7
131,164,1,flight,500,HRK,66.21,190.0
131,164, ,car,3700,HRK,489.94,2079.6
131,166,1,flight,40,GBP,47.93,90.0
131,167,1,flight,40,GBP,47.93,410.0
131,169,1,flight,280,DKK,37.63,190.0
131,169, ,car,1400,DKK,188.16,950.1
131,171,1,flight,750,ILS,189.96,555.0
131,172,1,flight,45,EUR,45.0,245.0
131,172, ,car,290,EUR,290.0,1283.3
131,174,1,flight,60,EUR,60.0,120.0
131,174, ,car,290,EUR,290.0,1304.5
131,174, ,car,310,EUR,310.0,1346.3
131,174,1,flight,60,EUR,60.0,120.0
131,174, ,car,290,EUR,290.0,1304.5
131,174, ,car,310,EUR,310.0,1346.3
131,175,1,flight,70,EUR,70.0,325.0
131,175, ,car,340,EUR,340.0,1460.3
131,176,1,flight,45,EUR,45.0,440.0
131,177,1,flight,65,EUR,65.0,330.0
131,177, ,car,430,EUR,430.0,1780.2
131,178,1,flight,650,NOK,64.43,35.0
131,178, ,car,750,NOK,74.35,475.1
131,179,1,flight,70,EUR,70.0,370.0
131,179, ,car,600,EUR,600.0,2570.0
131,180,1,flight,140,EUR,140.0,425.0
131,181,1,flight,100,EUR,100.0,260.0
131,181, ,car,380,EUR,380.0,1595.8
131,183,1,flight,45,USD,40.31,390.0
131,184,1,flight,50,GBP,59.91,285.0
131,184,1,flight,50,GBP,59.91,285.0
131,186,1,flight,100,EUR,100.0,510.0
131,186, ,car,600,EUR,600.0,2459.1
131,187,1,flight,40,EUR,40.0,570.0
131,187, ,car,480,EUR,480.0,1953.4
131,189,1,flight,30000,INR,355.89,895.0
131,190,1,flight,85,EUR,85.0,215.0
131,190, ,car,260,EUR,260.0,1208.9
131,191,1,flight,45,PLN,9.67,105.0
131,192,1,flight,55,CHF,53.29,270.0
131,192, ,car,390,CHF,377.91,1600.9
131,193,1,flight,550,SEK,51.24,75.0
131,193, ,car,1200,SEK,111.8,624.6
131,193,1,flight,550,SEK,51.24,75.0
131,193, ,car,1200,SEK,111.8,624.6
131,194,1,flight,75,GBP,89.86,340.0
131,196,1,flight,45,EUR,45.0,205.0
131,196, ,car,220,EUR,220.0,1038.8
131,196,1,flight,40000,RUB,417.9,995.0
131,196,1,flight,45,EUR,45.0,205.0
131,196, ,car,220,EUR,220.0,1038.8
131,196,1,flight,40000,RUB,417.9,995.0
131,197,1,flight,80,EUR,80.0,240.0
131,197, ,car,240,EUR,240.0,1116.8
131,200,1,flight,110,EUR,110.0,445.0
131,201,1,flight,50,EUR,50.0,135.0
131,202,1,flight,70,EUR,70.0,260.0
131,202, ,car,360,EUR,360.0,1517.4
131,203,1,flight,50,GBP,59.91,385.0
131,204, ,car,150000,HUF,406.91,1784.1
131,205,1,flight,29,EUR,29.0,305.0
131,206,1,flight,1500,TRY,93.44,380.0
131,206, ,car,10000,TRY,622.96,2674.6
132,100,1,flight,380,USD,340.41,1575.0
132,101,1,flight,50,GBP,59.91,245.0
132,103,1,flight,70,EUR,70.0,690.0
132,103, ,car,700,EUR,700.0,2872.9
132,104,1,flight,80,EUR,80.0,425.0
132,104, ,car,700,EUR,700.0,3038.7
132,105,1,flight,85,EUR,85.0,285.0
132,105, ,car,650,EUR,650.0,2831.8
132,106,1,flight,95,EUR,95.0,630.0
132,106, ,car,700,EUR,700.0,2976.2
132,107,1,flight,420,DKK,56.45,300.0
132,108,1,flight,400,DKK,53.76,375.0
132,108, ,car,2400,DKK,322.56,1525.6
132,109,1,flight,30,EUR,30.0,955.0
132,109, ,car,550,EUR,550.0,2374.6
132,111,1,flight,75,EUR,75.0,275.0
132,111, ,car,420,EUR,420.0,1835.6
132,112,1,flight,3900,TRY,242.95,415.0
132,112, ,car,13000,TRY,809.84,3562.8
132,113,1,flight,1800,TRY,112.13,500.0
132,113, ,car,12000,TRY,747.55,3204.1
132,114,1,flight,1300,TRY,80.98,535.0
132,114, ,car,13000,TRY,809.84,3451.8
132,115,1,flight,70,CHF,67.83,805.0
132,115, ,car,490,CHF,474.81,2007.9
132,116,1,flight,70,EUR,70.0,330.0
132,116, ,car,430,EUR,430.0,1874.8
132,116,1,flight,17,EUR,17.0,475.0
132,116, ,car,440,EUR,440.0,1884.6
132,116,1,flight,70,EUR,70.0,330.0
132,116, ,car,430,EUR,430.0,1874.8
132,116,1,flight,17,EUR,17.0,475.0
132,116, ,car,440,EUR,440.0,1884.6
132,117,1,flight,60,USD,53.75,435.0
132,117, ,car,750,USD,671.86,2830.8
132,118,1,flight,18,USD,16.12,490.0
132,118, ,car,600,USD,537.49,2334.0
132,119,1,flight,40,GBP,47.93,480.0
132,119,1,flight,40,GBP,47.93,515.0
132,119,1,flight,40,GBP,47.93,480.0
132,119,1,flight,40,GBP,47.93,515.0
132,120,1,flight,18,GBP,21.57,445.0
132,122,1,flight,18,GBP,21.57,450.0
132,123,1,flight,6500,HUF,17.63,410.0
132,123, ,car,190000,HUF,515.42,2202.8
132,124,1,flight,70,EUR,70.0,290.0
132,124, ,car,390,EUR,390.0,1755.5
132,126,1,flight,85,EUR,85.0,495.0
132,126, ,car,550,EUR,550.0,2350.1
132,127,1,flight,380,DKK,51.07,215.0
132,127, ,car,2300,DKK,309.12,1484.4
132,128,1,flight,65,EUR,65.0,375.0
132,128, ,car,600,EUR,600.0,2551.8
132,129,1,flight,65,EUR,65.0,350.0
132,129, ,car,600,EUR,600.0,2544.4
132,130,1,flight,18,EUR,18.0,445.0
132,130, ,car,550,EUR,550.0,2268.7
132,131,1,flight,430,NOK,42.63,95.0
132,131, ,car,1900,NOK,188.35,1178.4
132,134,1,flight,23,USD,20.6,355.0
132,134, ,car,700,USD,627.07,2728.2
132,135,1,flight,2400,RSD,-1,320.0
132,135, ,car,65000,RSD,-1,2375.8
132,135, ,car,50000,RUB,522.37,2371.3
132,135,1,flight,2400,RSD,-1,320.0
132,135, ,car,65000,RSD,-1,2375.8
132,135, ,car,50000,RUB,522.37,2371.3
132,136,1,flight,16,EUR,16.0,895.0
132,136, ,car,490,EUR,490.0,2084.9
132,137,1,flight,60,EUR,60.0,400.0
132,137, ,car,550,EUR,550.0,2363.9
132,139,1,flight,900,CZK,35.87,560.0
132,139, ,car,11000,CZK,438.42,2012.6
132,140,1,flight,50,EUR,50.0,400.0
132,140, ,car,470,EUR,470.0,1993.8
132,141, ,car,46000,RUB,480.58,2059.4
132,142,1,flight,70,GBP,83.87,450.0
132,145,1,flight,60,EUR,60.0,460.0
132,145, ,car,410,EUR,410.0,1790.1
132,146,1,flight,95,EUR,95.0,350.0
132,147,1,flight,280,DKK,37.63,225.0
132,147, ,car,2100,DKK,282.24,1326.2
132,147, ,car,2100,DKK,282.24,1353.7
132,147,1,flight,280,DKK,37.63,225.0
132,147, ,car,2100,DKK,282.24,1326.2
132,147, ,car,2100,DKK,282.24,1353.7
132,150,1,flight,27,EUR,27.0,435.0
132,151,1,flight,95,EUR,95.0,520.0
132,152,1,flight,26,EUR,26.0,475.0
132,153,1,flight,45,USD,40.31,525.0
132,153, ,car,650,USD,582.28,2535.9
132,154,1,flight,75,EUR,75.0,435.0
132,154, ,car,500,EUR,500.0,2267.2
132,155, ,car,500,EUR,500.0,2187.8
132,156,1,flight,110,EUR,110.0,1315.0
132,156, ,car,500,EUR,500.0,2138.8
132,159,1,flight,22,EUR,22.0,875.0
132,159, ,car,390,EUR,390.0,1733.6
132,160,1,flight,85,EUR,85.0,425.0
132,160, ,car,420,EUR,420.0,1819.2
132,161,1,flight,45,EUR,45.0,340.0
132,161, ,car,400,EUR,400.0,1763.2
132,161, ,car,410,EUR,410.0,1784.1
132,161, ,car,39000,RUB,407.45,1780.9
132,161,1,flight,45,EUR,45.0,340.0
132,161, ,car,400,EUR,400.0,1763.2
132,161, ,car,410,EUR,410.0,1784.1
132,161, ,car,39000,RUB,407.45,1780.9
132,161,1,flight,45,EUR,45.0,340.0
132,161, ,car,400,EUR,400.0,1763.2
132,161, ,car,410,EUR,410.0,1784.1
132,161, ,car,39000,RUB,407.45,1780.9
132,162,1,flight,50,EUR,50.0,400.0
132,163,1,flight,2000,TRY,124.59,550.0
132,163, ,car,13000,TRY,809.84,3398.8
132,164,1,flight,650,HRK,86.07,345.0
132,164, ,car,4700,HRK,622.35,2615.6
132,165,1,flight,30,GBP,35.94,715.0
132,166,1,flight,95,GBP,113.82,395.0
132,167,1,flight,50,GBP,59.91,570.0
132,169,1,flight,320,DKK,43.01,395.0
132,169, ,car,2400,DKK,322.56,1486.2
132,171,1,flight,700,ILS,177.3,800.0
132,172,1,flight,22,EUR,22.0,455.0
132,172, ,car,420,EUR,420.0,1819.4
132,174,1,flight,60,EUR,60.0,285.0
132,174, ,car,420,EUR,420.0,1840.6
132,174, ,car,430,EUR,430.0,1882.4
132,174,1,flight,60,EUR,60.0,285.0
132,174, ,car,420,EUR,420.0,1840.6
132,174, ,car,430,EUR,430.0,1882.4
132,175,1,flight,85,EUR,85.0,565.0
132,175, ,car,470,EUR,470.0,1996.4
132,176,1,flight,80,EUR,80.0,655.0
132,177,1,flight,65,EUR,65.0,455.0
132,177, ,car,550,EUR,550.0,2316.3
132,178,1,flight,900,NOK,89.22,195.0
132,178, ,car,1900,NOK,188.35,1120.1
132,179,1,flight,60,EUR,60.0,605.0
132,179, ,car,750,EUR,750.0,3106.1
132,180,1,flight,140,EUR,140.0,565.0
132,181,1,flight,100,EUR,100.0,475.0
132,181, ,car,500,EUR,500.0,2131.9
132,183,1,flight,55,USD,49.27,555.0
132,184,1,flight,45,GBP,53.92,470.0
132,184,1,flight,45,GBP,53.92,470.0
132,185, ,car,200,EUR,200.0,1036.4
132,186,1,flight,130,EUR,130.0,905.0
132,186, ,car,700,EUR,700.0,2995.1
132,187,1,flight,50,EUR,50.0,550.0
132,187, ,car,600,EUR,600.0,2489.5
132,189,1,flight,25000,INR,296.57,1040.0
132,190,1,flight,50,EUR,50.0,800.0
132,190, ,car,390,EUR,390.0,1745.0
132,191,1,flight,190,PLN,40.81,280.0
132,191, ,car,2100,PLN,451.09,2021.7
132,192,1,flight,55,CHF,53.29,330.0
132,192, ,car,500,CHF,484.5,2137.0
132,193,1,flight,1400,SEK,130.43,315.0
132,193, ,car,2500,SEK,232.91,1203.9
132,193,1,flight,1400,SEK,130.43,315.0
132,193, ,car,2500,SEK,232.91,1203.9
132,196,1,flight,75,EUR,75.0,225.0
132,196, ,car,350,EUR,350.0,1574.9
132,196,1,flight,35000,RUB,365.66,1195.0
132,196,1,flight,75,EUR,75.0,225.0
132,196, ,car,350,EUR,350.0,1574.9
132,196,1,flight,35000,RUB,365.66,1195.0
132,197,1,flight,60,EUR,60.0,435.0
132,197, ,car,370,EUR,370.0,1652.9
132,200,1,flight,35,EUR,35.0,645.0
132,201,1,flight,40,EUR,40.0,230.0
132,201, ,car,200,EUR,200.0,1036.5
132,202,1,flight,85,EUR,85.0,430.0
132,202, ,car,490,EUR,490.0,2053.5
132,203,1,flight,55,GBP,65.9,535.0
132,204, ,car,200000,HUF,542.55,2320.2
132,205,1,flight,90,EUR,90.0,400.0
132,206,1,flight,1600,TRY,99.67,495.0
132,206, ,car,12000,TRY,747.55,3210.7
134,100,1,flight,500,USD,447.91,975.0
134,101,1,flight,21,GBP,25.16,335.0
134,104,1,flight,29,EUR,29.0,85.0
134,104, ,car,160,EUR,160.0,811.6
134,105,1,flight,26,EUR,26.0,225.0
134,105, ,car,320,EUR,320.0,1895.0
134,106,1,flight,40,EUR,40.0,365.0
134,106, ,car,350,EUR,350.0,2039.5
134,107,1,flight,140,DKK,18.82,295.0
134,107, ,car,2300,DKK,309.12,1406.1
134,108,1,flight,120,DKK,16.13,375.0
134,108, ,car,2200,DKK,295.68,1366.1
134,109,1,flight,40,EUR,40.0,325.0
134,109, ,car,230,EUR,230.0,1100.4
134,111,1,flight,35,EUR,35.0,180.0
134,111, ,car,300,EUR,300.0,1297.0
134,112,1,flight,3000,TRY,186.89,230.0
134,112, ,car,2700,TRY,168.2,1169.8
134,113,1,flight,1400,TRY,87.21,205.0
134,113, ,car,2000,TRY,124.59,811.2
134,114,1,flight,1000,TRY,62.3,115.0
134,114, ,car,2400,TRY,149.51,1058.9
134,115,1,flight,18,CHF,17.44,275.0
134,115, ,car,200,CHF,193.8,1033.7
134,116,1,flight,27,EUR,27.0,170.0
134,116, ,car,250,EUR,250.0,1253.8
134,116,1,flight,8,EUR,8.0,180.0
134,116, ,car,250,EUR,250.0,1253.7
134,116,1,flight,27,EUR,27.0,170.0
134,116, ,car,250,EUR,250.0,1253.8
134,116,1,flight,8,EUR,8.0,180.0
134,116, ,car,250,EUR,250.0,1253.7
134,117, ,car,35,USD,31.35,312.0
134,118, ,car,90,USD,80.62,683.7
134,119,1,flight,20,GBP,23.96,335.0
134,119,1,flight,19,GBP,22.76,340.0
134,119,1,flight,20,GBP,23.96,335.0
134,119,1,flight,19,GBP,22.76,340.0
134,120,1,flight,17,GBP,20.37,205.0
134,122,1,flight,18,GBP,21.57,215.0
134,123,1,flight,6000,HUF,16.28,110.0
134,123, ,car,30000,HUF,81.38,555.0
134,124,1,flight,17,EUR,17.0,135.0
134,124, ,car,190,EUR,190.0,1017.9
134,126,1,flight,30,EUR,30.0,335.0
134,126, ,car,340,EUR,340.0,1665.6
134,127,1,flight,180,DKK,24.19,175.0
134,127, ,car,2100,DKK,282.24,1317.6
134,128,1,flight,20,EUR,20.0,190.0
134,128, ,car,270,EUR,270.0,1615.0
134,129,1,flight,40,EUR,40.0,225.0
134,129, ,car,310,EUR,310.0,1784.5
134,130,1,flight,10,EUR,10.0,130.0
134,130, ,car,200,EUR,200.0,998.0
134,131,1,flight,390,NOK,38.66,315.0
134,131, ,car,5000,NOK,495.65,2204.0
134,132,1,flight,260,NOK,25.77,375.0
134,132, ,car,6500,NOK,644.34,2739.4
134,135,1,flight,5500,RSD,-1,90.0
134,135, ,car,7500,RSD,-1,509.3
134,135, ,car,6000,RUB,62.68,522.0
134,135,1,flight,5500,RSD,-1,90.0
134,135, ,car,7500,RSD,-1,509.3
134,135, ,car,6000,RUB,62.68,522.0
134,136,1,flight,16,EUR,16.0,305.0
134,136, ,car,110,EUR,110.0,669.0
134,137,1,flight,25,EUR,25.0,210.0
134,137, ,car,330,EUR,330.0,1634.8
134,139,1,flight,1100,CZK,43.84,640.0
134,139, ,car,2800,CZK,111.6,731.7
134,140,1,flight,30,EUR,30.0,155.0
134,140, ,car,220,EUR,220.0,1145.6
134,141, ,car,21000,RUB,219.4,1171.2
134,142,1,flight,30,GBP,35.94,415.0
134,145,1,flight,20,EUR,20.0,165.0
134,145,2,bus,65,EUR,65.0,2030.0
134,145, ,car,230,EUR,230.0,1139.6
134,146,1,flight,55,EUR,55.0,90.0
134,147,1,flight,230,DKK,30.91,155.0
134,147, ,car,2300,DKK,309.12,1415.6
134,147, ,car,2300,DKK,309.12,1404.7
134,147,1,flight,230,DKK,30.91,155.0
134,147, ,car,2300,DKK,309.12,1415.6
134,147, ,car,2300,DKK,309.12,1404.7
134,150,1,flight,28,EUR,28.0,350.0
134,151,1,flight,22,EUR,22.0,285.0
134,152,1,flight,20,EUR,20.0,130.0
134,153,1,flight,28,USD,25.08,55.0
134,153, ,car,45,USD,40.31,367.9
134,154,1,flight,29,EUR,29.0,365.0
134,154, ,car,260,EUR,260.0,1415.5
134,155, ,car,230,EUR,230.0,1262.7
134,156,1,flight,140,EUR,140.0,410.0
134,156, ,car,300,EUR,300.0,1474.1
134,158,1,flight,19,GBP,22.76,220.0
134,159,1,flight,29,EUR,29.0,170.0
134,159, ,car,230,EUR,230.0,1156.0
134,160,1,flight,90,EUR,90.0,275.0
134,160, ,car,170,EUR,170.0,935.6
134,161,1,flight,40,EUR,40.0,165.0
134,161, ,car,230,EUR,230.0,1172.2
134,161, ,car,240,EUR,240.0,1213.4
134,161, ,car,22000,RUB,229.84,1184.1
134,161,1,flight,40,EUR,40.0,165.0
134,161, ,car,230,EUR,230.0,1172.2
134,161, ,car,240,EUR,240.0,1213.4
134,161, ,car,22000,RUB,229.84,1184.1
134,161,1,flight,40,EUR,40.0,165.0
134,161, ,car,230,EUR,230.0,1172.2
134,161, ,car,240,EUR,240.0,1213.4
134,161, ,car,22000,RUB,229.84,1184.1
134,162,1,flight,18,EUR,18.0,240.0
134,163,1,flight,1400,TRY,87.21,225.0
134,163, ,car,2500,TRY,155.74,1005.8
134,164,1,flight,410,HRK,54.29,80.0
134,164, ,car,750,HRK,99.31,857.0
134,166,1,flight,17,GBP,20.37,230.0
134,169, ,car,2100,DKK,282.24,1314.5
134,171,1,flight,80,ILS,20.26,595.0
134,172,1,flight,16,EUR,16.0,180.0
134,172, ,car,280,EUR,280.0,1238.6
134,174,1,flight,25,EUR,25.0,150.0
134,174, ,car,210,EUR,210.0,1057.9
134,174, ,car,220,EUR,220.0,1120.7
134,174,1,flight,25,EUR,25.0,150.0
134,174, ,car,210,EUR,210.0,1057.9
134,174, ,car,220,EUR,220.0,1120.7
134,175,1,flight,50,EUR,50.0,275.0
134,175, ,car,190,EUR,190.0,1022.2
134,176,1,flight,35,EUR,35.0,460.0
134,177,1,flight,40,EUR,40.0,130.0
134,177, ,car,210,EUR,210.0,1054.5
134,178,1,flight,310,NOK,30.73,450.0
134,178, ,car,5000,NOK,495.65,2299.9
134,179,1,flight,30,EUR,30.0,415.0
134,179, ,car,480,EUR,480.0,2279.6
134,180,1,flight,90,EUR,90.0,435.0
134,181,1,flight,190,EUR,190.0,250.0
134,181, ,car,120,EUR,120.0,760.1
134,183,1,flight,23,USD,20.6,465.0
134,184,1,flight,21,GBP,25.16,330.0
134,184,1,flight,21,GBP,25.16,330.0
134,185, ,car,310,EUR,310.0,1998.3
134,186,1,flight,35,EUR,35.0,395.0
134,186, ,car,360,EUR,360.0,2092.1
134,187,1,flight,40,EUR,40.0,340.0
134,187, ,car,260,EUR,260.0,1552.7
134,189,1,flight,25000,INR,296.57,635.0
134,189, ,car,60000,INR,711.78,6432.8
134,190, ,car,290,EUR,290.0,1255.4
134,191,1,flight,250,PLN,53.7,250.0
134,191, ,car,850,PLN,182.58,1163.3
134,192,1,flight,40,CHF,38.76,165.0
134,192, ,car,250,CHF,242.25,1248.7
134,193,1,flight,210,SEK,19.56,290.0
134,193, ,car,3700,SEK,344.71,1611.8
134,193,1,flight,210,SEK,19.56,290.0
134,193, ,car,3700,SEK,344.71,1611.8
134,194,1,flight,35,GBP,41.93,340.0
134,196,1,flight,20,EUR,20.0,160.0
134,196, ,car,230,EUR,230.0,1177.4
134,196,1,flight,43000,RUB,449.24,1070.0
134,196,1,flight,20,EUR,20.0,160.0
134,196, ,car,230,EUR,230.0,1177.4
134,196,1,flight,43000,RUB,449.24,1070.0
134,197,1,flight,100,EUR,100.0,245.0
134,197, ,car,210,EUR,210.0,1100.1
134,200,1,flight,50,EUR,50.0,110.0
134,201,1,flight,23,EUR,23.0,170.0
134,201, ,car,310,EUR,310.0,1998.3
134,202,1,flight,50,EUR,50.0,290.0
134,202, ,car,160,EUR,160.0,962.5
134,203,1,flight,24,GBP,28.76,355.0
134,204, ,car,22000,HUF,59.68,563.6
134,205,1,flight,50,EUR,50.0,200.0
134,206,1,flight,1200,TRY,74.75,205.0
134,206, ,car,2100,TRY,130.82,817.8
135,100,1,flight,470,USD,421.03,925.0
135,101,1,flight,80,GBP,95.85,305.0
135,103,1,flight,50,EUR,50.0,370.0
135,103, ,car,110,EUR,110.0,502.2
135,103, ,car,11000,RUB,114.92,517.0
135,104,1,flight,45,EUR,45.0,90.0
135,104, ,car,150,EUR,150.0,668.0
135,104, ,car,14000,RUB,146.26,682.8
135,105,1,flight,27,EUR,27.0,295.0
135,105, ,car,260,EUR,260.0,1392.0
135,105, ,car,24000,RUB,250.74,1401.0
135,106,1,flight,35,EUR,35.0,435.0
135,106, ,car,280,EUR,280.0,1536.4
135,106, ,car,27000,RUB,282.08,1545.5
135,107,1,flight,490,DKK,65.86,300.0
135,107, ,car,1800,DKK,241.92,1049.4
135,107, ,car,24000,RUB,250.74,1047.0
135,108,1,flight,160,DKK,21.5,230.0
135,108, ,car,1800,DKK,241.92,1009.3
135,108, ,car,23000,RUB,240.29,1006.9
135,109,1,flight,15,EUR,15.0,505.0
135,109, ,car,140,EUR,140.0,597.3
135,109, ,car,13000,RUB,135.82,606.4
135,111,1,flight,70,EUR,70.0,150.0
135,111, ,car,230,EUR,230.0,925.1
135,111, ,car,22000,RUB,229.84,934.2
135,112,1,flight,2000,TRY,124.59,415.0
135,112, ,car,3300,TRY,205.58,1192.1
135,112, ,car,19000,RUB,198.5,1206.9
135,113,1,flight,1400,TRY,87.21,115.0
135,113, ,car,2600,TRY,161.97,833.5
135,113, ,car,15000,RUB,156.71,848.2
135,114,1,flight,1500,TRY,93.44,230.0
135,114, ,car,3000,TRY,186.89,1081.2
135,114, ,car,18000,RUB,188.05,1095.9
135,115,1,flight,30,CHF,29.07,220.0
135,115, ,car,130,CHF,125.97,637.7
135,115, ,car,12000,RUB,125.37,646.8
135,116,1,flight,65,EUR,65.0,140.0
135,116, ,car,190,EUR,190.0,881.9
135,116,1,flight,14,EUR,14.0,345.0
135,116, ,car,190,EUR,190.0,881.8
135,116, ,car,18000,RUB,188.05,891.0
135,116, ,car,18000,RUB,188.05,890.9
135,116,1,flight,65,EUR,65.0,140.0
135,116, ,car,190,EUR,190.0,881.9
135,116,1,flight,14,EUR,14.0,345.0
135,116, ,car,190,EUR,190.0,881.8
135,116, ,car,18000,RUB,188.05,891.0
135,116, ,car,18000,RUB,188.05,890.9
135,117,1,flight,180,USD,161.25,460.0
135,117, ,car,90,USD,80.62,460.1
135,117, ,car,7500,RUB,78.36,474.8
135,118,1,flight,30,USD,26.87,55.0
135,118, ,car,30,USD,26.87,180.6
135,118, ,car,2800,RUB,29.25,189.7
135,119,1,flight,16,GBP,19.17,305.0
135,119,1,flight,75,GBP,89.86,320.0
135,119,1,flight,16,GBP,19.17,305.0
135,119,1,flight,75,GBP,89.86,320.0
135,120,1,flight,45,GBP,53.92,270.0
135,121,1,flight,19,GBP,22.76,525.0
135,122,1,flight,45,GBP,53.92,325.0
135,123,1,flight,15000,HUF,40.69,195.0
135,123, ,car,13000,HUF,35.27,198.3
135,123, ,car,3300,RUB,34.48,195.9
135,124,1,flight,45,EUR,45.0,110.0
135,124, ,car,140,EUR,140.0,661.1
135,124, ,car,13000,RUB,135.82,658.7
135,126,1,flight,120,EUR,120.0,285.0
135,126, ,car,280,EUR,280.0,1293.7
135,126, ,car,27000,RUB,282.08,1302.8
135,127,1,flight,130,DKK,17.47,150.0
135,127, ,car,1700,DKK,228.48,960.9
135,127, ,car,21000,RUB,219.4,958.5
135,128,1,flight,55,EUR,55.0,155.0
135,128, ,car,200,EUR,200.0,1111.9
135,128, ,car,19000,RUB,198.5,1121.0
135,129,1,flight,100,EUR,100.0,300.0
135,129, ,car,240,EUR,240.0,1281.4
135,129, ,car,23000,RUB,240.29,1290.5
135,130,1,flight,55,EUR,55.0,135.0
135,130, ,car,120,EUR,120.0,494.9
135,130, ,car,11000,RUB,114.92,504.0
135,131,1,flight,550,NOK,54.52,280.0
135,131, ,car,4500,NOK,446.08,1847.3
135,131, ,car,42000,RUB,438.79,1844.9
135,132,1,flight,240,NOK,23.79,335.0
135,132, ,car,5500,NOK,545.21,2382.6
135,132, ,car,50000,RUB,522.37,2380.2
135,134,1,flight,50,USD,44.79,85.0
135,134, ,car,70,USD,62.71,508.4
135,134, ,car,6000,RUB,62.68,523.2
135,136, ,car,60,EUR,60.0,312.3
135,136, ,car,5500,RUB,57.46,309.9
135,137,1,flight,60,EUR,60.0,250.0
135,137, ,car,230,EUR,230.0,1132.1
135,137, ,car,22000,RUB,229.84,1141.2
135,139, ,car,1700,CZK,67.76,375.0
135,139, ,car,6000,RUB,62.68,372.6
135,140,1,flight,30,EUR,30.0,120.0
135,140,1,flight,15,EUR,15.0,120.0
135,140, ,car,150,EUR,150.0,749.5
135,140, ,car,15000,RUB,156.71,758.6
135,141, ,car,14000,RUB,146.26,771.9
135,141, ,car,14000,RUB,146.26,781.0
135,142,1,flight,110,GBP,131.79,325.0
135,145,1,flight,40,EUR,40.0,230.0
135,145, ,car,160,EUR,160.0,767.7
135,145, ,car,16000,RUB,167.16,776.8
135,146,1,flight,19,EUR,19.0,235.0
135,147,1,flight,440,DKK,59.14,140.0
135,147, ,car,1900,DKK,255.36,1058.9
135,147, ,car,1800,DKK,241.92,1048.0
135,147, ,car,24000,RUB,250.74,1056.5
135,147, ,car,23000,RUB,240.29,1045.6
135,147,1,flight,440,DKK,59.14,140.0
135,147, ,car,1900,DKK,255.36,1058.9
135,147, ,car,1800,DKK,241.92,1048.0
135,147, ,car,24000,RUB,250.74,1056.5
135,147, ,car,23000,RUB,240.29,1045.6
135,150,1,flight,100,EUR,100.0,315.0
135,151,1,flight,15,EUR,15.0,225.0
135,152,1,flight,85,EUR,85.0,245.0
135,153,1,flight,75,USD,67.19,195.0
135,153, ,car,55,USD,49.27,392.0
135,153, ,car,4800,RUB,50.15,392.9
135,154,1,flight,110,EUR,110.0,290.0
135,154, ,car,190,EUR,190.0,912.4
135,154, ,car,18000,RUB,188.05,921.5
135,155, ,car,160,EUR,160.0,759.6
135,155, ,car,15000,RUB,156.71,768.7
135,156,1,flight,140,EUR,140.0,405.0
135,156, ,car,240,EUR,240.0,1102.2
135,156, ,car,23000,RUB,240.29,1111.3
135,159,1,flight,40,EUR,40.0,140.0
135,159, ,car,170,EUR,170.0,784.1
135,159, ,car,16000,RUB,167.16,793.1
135,160,1,flight,90,EUR,90.0,260.0
135,160, ,car,120,EUR,120.0,578.9
135,160, ,car,11000,RUB,114.92,576.5
135,161,1,flight,70,EUR,70.0,130.0
135,161, ,car,170,EUR,170.0,800.3
135,161, ,car,180,EUR,180.0,841.5
135,161, ,car,16000,RUB,167.16,812.2
135,161, ,car,16000,RUB,167.16,809.4
135,161, ,car,17000,RUB,177.61,850.6
135,161, ,car,16000,RUB,167.16,821.3
135,161,1,flight,70,EUR,70.0,130.0
135,161, ,car,170,EUR,170.0,800.3
135,161, ,car,180,EUR,180.0,841.5
135,161, ,car,16000,RUB,167.16,812.2
135,161, ,car,16000,RUB,167.16,809.4
135,161, ,car,17000,RUB,177.61,850.6
135,161, ,car,16000,RUB,167.16,821.3
135,161,1,flight,70,EUR,70.0,130.0
135,161, ,car,170,EUR,170.0,800.3
135,161, ,car,180,EUR,180.0,841.5
135,161, ,car,16000,RUB,167.16,812.2
135,161, ,car,16000,RUB,167.16,809.4
135,161, ,car,17000,RUB,177.61,850.6
135,161, ,car,16000,RUB,167.16,821.3
135,162,1,flight,40,EUR,40.0,305.0
135,163,1,flight,1700,TRY,105.9,235.0
135,163, ,car,3100,TRY,193.12,1028.1
135,163, ,car,18000,RUB,188.05,1042.8
135,164,1,flight,500,HRK,66.21,70.0
135,164, ,car,390,HRK,51.64,424.0
135,164, ,car,5000,RUB,52.24,434.7
135,166,1,flight,45,GBP,53.92,295.0
135,169, ,car,1700,DKK,228.48,957.8
135,169, ,car,22000,RUB,229.84,955.4
135,171,1,flight,550,ILS,139.3,630.0
135,172,1,flight,35,EUR,35.0,145.0
135,172, ,car,210,EUR,210.0,866.7
135,172, ,car,20000,RUB,208.95,875.8
135,174,1,flight,65,EUR,65.0,120.0
135,174, ,car,150,EUR,150.0,686.0
135,174,1,flight,60,EUR,60.0,125.0
135,174, ,car,160,EUR,160.0,748.8
135,174, ,car,14000,RUB,146.26,695.1
135,174, ,car,15000,RUB,156.71,757.9
135,174,1,flight,65,EUR,65.0,120.0
135,174, ,car,150,EUR,150.0,686.0
135,174,1,flight,60,EUR,60.0,125.0
135,174, ,car,160,EUR,160.0,748.8
135,174, ,car,14000,RUB,146.26,695.1
135,174, ,car,15000,RUB,156.71,757.9
135,175,1,flight,18,EUR,18.0,270.0
135,175, ,car,130,EUR,130.0,626.1
135,175, ,car,12000,RUB,125.37,635.2
135,176,1,flight,120,EUR,120.0,465.0
135,177,1,flight,100,EUR,100.0,275.0
135,177, ,car,130,EUR,130.0,551.4
135,177, ,car,12000,RUB,125.37,560.5
135,178,1,flight,270,NOK,26.77,425.0
135,178, ,car,4700,NOK,465.91,1943.2
135,178, ,car,43000,RUB,449.24,1940.8
135,179,1,flight,30,EUR,30.0,395.0
135,179, ,car,400,EUR,400.0,1776.5
135,179, ,car,38000,RUB,397.0,1785.6
135,180,1,flight,120,EUR,120.0,475.0
135,181,1,flight,130,EUR,130.0,295.0
135,181, ,car,55,EUR,55.0,311.0
135,181, ,car,5000,RUB,52.24,320.1
135,183,1,flight,18,USD,16.12,430.0
135,184,1,flight,60,GBP,71.89,295.0
135,184,1,flight,60,GBP,71.89,295.0
135,185, ,car,340,EUR,340.0,1908.8
135,186,1,flight,30,EUR,30.0,315.0
135,186, ,car,290,EUR,290.0,1589.0
135,186, ,car,28000,RUB,292.53,1598.1
135,187,1,flight,35,EUR,35.0,535.0
135,187, ,car,190,EUR,190.0,1049.6
135,187, ,car,18000,RUB,188.05,1058.7
135,189,1,flight,13000,INR,154.22,735.0
135,189, ,car,70000,INR,830.41,6455.1
135,189, ,car,80000,RUB,835.79,6469.8
135,190,1,flight,95,EUR,95.0,265.0
135,190, ,car,230,EUR,230.0,896.0
135,190, ,car,21000,RUB,219.4,896.2
135,191,1,flight,340,PLN,73.03,250.0
135,191, ,car,650,PLN,139.62,806.6
135,191, ,car,13000,RUB,135.82,804.2
135,192,1,flight,29,CHF,28.1,130.0
135,192, ,car,150,CHF,145.35,756.7
135,192, ,car,14000,RUB,146.26,765.7
135,193,1,flight,430,SEK,40.06,150.0
135,193, ,car,3100,SEK,288.81,1255.0
135,193, ,car,27000,RUB,282.08,1252.6
135,193,1,flight,430,SEK,40.06,150.0
135,193, ,car,3100,SEK,288.81,1255.0
135,193, ,car,27000,RUB,282.08,1252.6
135,194,1,flight,75,GBP,89.86,395.0
135,196,1,flight,45,EUR,45.0,135.0
135,196, ,car,170,EUR,170.0,820.6
135,196,1,flight,40000,RUB,417.9,1094.0
135,196, ,car,16000,RUB,167.16,818.2
135,196,1,flight,45,EUR,45.0,135.0
135,196, ,car,170,EUR,170.0,820.6
135,196,1,flight,40000,RUB,417.9,1094.0
135,196, ,car,16000,RUB,167.16,818.2
135,197,1,flight,65,EUR,65.0,120.0
135,197, ,car,160,EUR,160.0,743.4
135,197, ,car,15000,RUB,156.71,741.0
135,200,1,flight,80,EUR,80.0,100.0
135,201,1,flight,55,EUR,55.0,310.0
135,201, ,car,340,EUR,340.0,1908.8
135,201, ,car,33000,RUB,344.76,1906.4
135,202,1,flight,120,EUR,120.0,190.0
135,202, ,car,100,EUR,100.0,556.0
135,202, ,car,9500,RUB,99.25,565.1
135,203,1,flight,19,GBP,22.76,425.0
135,204, ,car,16000,HUF,43.4,302.9
135,204, ,car,4000,RUB,41.79,300.5
135,205,1,flight,21,EUR,21.0,265.0
135,206,1,flight,1200,TRY,74.75,225.0
135,206, ,car,2600,TRY,161.97,840.1
135,206, ,car,16000,RUB,167.16,854.8
135,100,1,flight,470,USD,421.03,925.0
135,101,1,flight,80,GBP,95.85,305.0
135,103,1,flight,50,EUR,50.0,370.0
135,103, ,car,110,EUR,110.0,502.2
135,103, ,car,11000,RUB,114.92,517.0
135,104,1,flight,45,EUR,45.0,90.0
135,104, ,car,150,EUR,150.0,668.0
135,104, ,car,14000,RUB,146.26,682.8
135,105,1,flight,27,EUR,27.0,295.0
135,105, ,car,260,EUR,260.0,1392.0
135,105, ,car,24000,RUB,250.74,1401.0
135,106,1,flight,35,EUR,35.0,435.0
135,106, ,car,280,EUR,280.0,1536.4
135,106, ,car,27000,RUB,282.08,1545.5
135,107,1,flight,490,DKK,65.86,300.0
135,107, ,car,1800,DKK,241.92,1049.4
135,107, ,car,24000,RUB,250.74,1047.0
135,108,1,flight,160,DKK,21.5,230.0
135,108, ,car,1800,DKK,241.92,1009.3
135,108, ,car,23000,RUB,240.29,1006.9
135,109,1,flight,15,EUR,15.0,505.0
135,109, ,car,140,EUR,140.0,597.3
135,109, ,car,13000,RUB,135.82,606.4
135,111,1,flight,70,EUR,70.0,150.0
135,111, ,car,230,EUR,230.0,925.1
135,111, ,car,22000,RUB,229.84,934.2
135,112,1,flight,2000,TRY,124.59,415.0
135,112, ,car,3300,TRY,205.58,1192.1
135,112, ,car,19000,RUB,198.5,1206.9
135,113,1,flight,1400,TRY,87.21,115.0
135,113, ,car,2600,TRY,161.97,833.5
135,113, ,car,15000,RUB,156.71,848.2
135,114,1,flight,1500,TRY,93.44,230.0
135,114, ,car,3000,TRY,186.89,1081.2
135,114, ,car,18000,RUB,188.05,1095.9
135,115,1,flight,30,CHF,29.07,220.0
135,115, ,car,130,CHF,125.97,637.7
135,115, ,car,12000,RUB,125.37,646.8
135,116,1,flight,65,EUR,65.0,140.0
135,116, ,car,190,EUR,190.0,881.9
135,116,1,flight,14,EUR,14.0,345.0
135,116, ,car,190,EUR,190.0,881.8
135,116, ,car,18000,RUB,188.05,891.0
135,116, ,car,18000,RUB,188.05,890.9
135,116,1,flight,65,EUR,65.0,140.0
135,116, ,car,190,EUR,190.0,881.9
135,116,1,flight,14,EUR,14.0,345.0
135,116, ,car,190,EUR,190.0,881.8
135,116, ,car,18000,RUB,188.05,891.0
135,116, ,car,18000,RUB,188.05,890.9
135,117,1,flight,180,USD,161.25,460.0
135,117, ,car,90,USD,80.62,460.1
135,117, ,car,7500,RUB,78.36,474.8
135,118,1,flight,30,USD,26.87,55.0
135,118, ,car,30,USD,26.87,180.6
135,118, ,car,2800,RUB,29.25,189.7
135,119,1,flight,16,GBP,19.17,305.0
135,119,1,flight,75,GBP,89.86,320.0
135,119,1,flight,16,GBP,19.17,305.0
135,119,1,flight,75,GBP,89.86,320.0
135,120,1,flight,45,GBP,53.92,270.0
135,121,1,flight,19,GBP,22.76,525.0
135,122,1,flight,45,GBP,53.92,325.0
135,123,1,flight,15000,HUF,40.69,195.0
135,123, ,car,13000,HUF,35.27,198.3
135,123, ,car,3300,RUB,34.48,195.9
135,124,1,flight,45,EUR,45.0,110.0
135,124, ,car,140,EUR,140.0,661.1
135,124, ,car,13000,RUB,135.82,658.7
135,126,1,flight,120,EUR,120.0,285.0
135,126, ,car,280,EUR,280.0,1293.7
135,126, ,car,27000,RUB,282.08,1302.8
135,127,1,flight,130,DKK,17.47,150.0
135,127, ,car,1700,DKK,228.48,960.9
135,127, ,car,21000,RUB,219.4,958.5
135,128,1,flight,55,EUR,55.0,155.0
135,128, ,car,200,EUR,200.0,1111.9
135,128, ,car,19000,RUB,198.5,1121.0
135,129,1,flight,100,EUR,100.0,300.0
135,129, ,car,240,EUR,240.0,1281.4
135,129, ,car,23000,RUB,240.29,1290.5
135,130,1,flight,55,EUR,55.0,135.0
135,130, ,car,120,EUR,120.0,494.9
135,130, ,car,11000,RUB,114.92,504.0
135,131,1,flight,550,NOK,54.52,280.0
135,131, ,car,4500,NOK,446.08,1847.3
135,131, ,car,42000,RUB,438.79,1844.9
135,132,1,flight,240,NOK,23.79,335.0
135,132, ,car,5500,NOK,545.21,2382.6
135,132, ,car,50000,RUB,522.37,2380.2
135,134,1,flight,50,USD,44.79,85.0
135,134, ,car,70,USD,62.71,508.4
135,134, ,car,6000,RUB,62.68,523.2
135,136, ,car,60,EUR,60.0,312.3
135,136, ,car,5500,RUB,57.46,309.9
135,137,1,flight,60,EUR,60.0,250.0
135,137, ,car,230,EUR,230.0,1132.1
135,137, ,car,22000,RUB,229.84,1141.2
135,139, ,car,1700,CZK,67.76,375.0
135,139, ,car,6000,RUB,62.68,372.6
135,140,1,flight,30,EUR,30.0,120.0
135,140,1,flight,15,EUR,15.0,120.0
135,140, ,car,150,EUR,150.0,749.5
135,140, ,car,15000,RUB,156.71,758.6
135,141, ,car,14000,RUB,146.26,771.9
135,141, ,car,14000,RUB,146.26,781.0
135,142,1,flight,110,GBP,131.79,325.0
135,145,1,flight,40,EUR,40.0,230.0
135,145, ,car,160,EUR,160.0,767.7
135,145, ,car,16000,RUB,167.16,776.8
135,146,1,flight,19,EUR,19.0,235.0
135,147,1,flight,440,DKK,59.14,140.0
135,147, ,car,1900,DKK,255.36,1058.9
135,147, ,car,1800,DKK,241.92,1048.0
135,147, ,car,24000,RUB,250.74,1056.5
135,147, ,car,23000,RUB,240.29,1045.6
135,147,1,flight,440,DKK,59.14,140.0
135,147, ,car,1900,DKK,255.36,1058.9
135,147, ,car,1800,DKK,241.92,1048.0
135,147, ,car,24000,RUB,250.74,1056.5
135,147, ,car,23000,RUB,240.29,1045.6
135,150,1,flight,100,EUR,100.0,315.0
135,151,1,flight,15,EUR,15.0,225.0
135,152,1,flight,85,EUR,85.0,245.0
135,153,1,flight,75,USD,67.19,195.0
135,153, ,car,55,USD,49.27,392.0
135,153, ,car,4800,RUB,50.15,392.9
135,154,1,flight,110,EUR,110.0,290.0
135,154, ,car,190,EUR,190.0,912.4
135,154, ,car,18000,RUB,188.05,921.5
135,155, ,car,160,EUR,160.0,759.6
135,155, ,car,15000,RUB,156.71,768.7
135,156,1,flight,140,EUR,140.0,405.0
135,156, ,car,240,EUR,240.0,1102.2
135,156, ,car,23000,RUB,240.29,1111.3
135,159,1,flight,40,EUR,40.0,140.0
135,159, ,car,170,EUR,170.0,784.1
135,159, ,car,16000,RUB,167.16,793.1
135,160,1,flight,90,EUR,90.0,260.0
135,160, ,car,120,EUR,120.0,578.9
135,160, ,car,11000,RUB,114.92,576.5
135,161,1,flight,70,EUR,70.0,130.0
135,161, ,car,170,EUR,170.0,800.3
135,161, ,car,180,EUR,180.0,841.5
135,161, ,car,16000,RUB,167.16,812.2
135,161, ,car,16000,RUB,167.16,809.4
135,161, ,car,17000,RUB,177.61,850.6
135,161, ,car,16000,RUB,167.16,821.3
135,161,1,flight,70,EUR,70.0,130.0
135,161, ,car,170,EUR,170.0,800.3
135,161, ,car,180,EUR,180.0,841.5
135,161, ,car,16000,RUB,167.16,812.2
135,161, ,car,16000,RUB,167.16,809.4
135,161, ,car,17000,RUB,177.61,850.6
135,161, ,car,16000,RUB,167.16,821.3
135,161,1,flight,70,EUR,70.0,130.0
135,161, ,car,170,EUR,170.0,800.3
135,161, ,car,180,EUR,180.0,841.5
135,161, ,car,16000,RUB,167.16,812.2
135,161, ,car,16000,RUB,167.16,809.4
135,161, ,car,17000,RUB,177.61,850.6
135,161, ,car,16000,RUB,167.16,821.3
135,162,1,flight,40,EUR,40.0,305.0
135,163,1,flight,1700,TRY,105.9,235.0
135,163, ,car,3100,TRY,193.12,1028.1
135,163, ,car,18000,RUB,188.05,1042.8
135,164,1,flight,500,HRK,66.21,70.0
135,164, ,car,390,HRK,51.64,424.0
135,164, ,car,5000,RUB,52.24,434.7
135,166,1,flight,45,GBP,53.92,295.0
135,169, ,car,1700,DKK,228.48,957.8
135,169, ,car,22000,RUB,229.84,955.4
135,171,1,flight,550,ILS,139.3,630.0
135,172,1,flight,35,EUR,35.0,145.0
135,172, ,car,210,EUR,210.0,866.7
135,172, ,car,20000,RUB,208.95,875.8
135,174,1,flight,65,EUR,65.0,120.0
135,174, ,car,150,EUR,150.0,686.0
135,174,1,flight,60,EUR,60.0,125.0
135,174, ,car,160,EUR,160.0,748.8
135,174, ,car,14000,RUB,146.26,695.1
135,174, ,car,15000,RUB,156.71,757.9
135,174,1,flight,65,EUR,65.0,120.0
135,174, ,car,150,EUR,150.0,686.0
135,174,1,flight,60,EUR,60.0,125.0
135,174, ,car,160,EUR,160.0,748.8
135,174, ,car,14000,RUB,146.26,695.1
135,174, ,car,15000,RUB,156.71,757.9
135,175,1,flight,18,EUR,18.0,270.0
135,175, ,car,130,EUR,130.0,626.1
135,175, ,car,12000,RUB,125.37,635.2
135,176,1,flight,120,EUR,120.0,465.0
135,177,1,flight,100,EUR,100.0,275.0
135,177, ,car,130,EUR,130.0,551.4
135,177, ,car,12000,RUB,125.37,560.5
135,178,1,flight,270,NOK,26.77,425.0
135,178, ,car,4700,NOK,465.91,1943.2
135,178, ,car,43000,RUB,449.24,1940.8
135,179,1,flight,30,EUR,30.0,395.0
135,179, ,car,400,EUR,400.0,1776.5
135,179, ,car,38000,RUB,397.0,1785.6
135,180,1,flight,120,EUR,120.0,475.0
135,181,1,flight,130,EUR,130.0,295.0
135,181, ,car,55,EUR,55.0,311.0
135,181, ,car,5000,RUB,52.24,320.1
135,183,1,flight,18,USD,16.12,430.0
135,184,1,flight,60,GBP,71.89,295.0
135,184,1,flight,60,GBP,71.89,295.0
135,185, ,car,340,EUR,340.0,1908.8
135,186,1,flight,30,EUR,30.0,315.0
135,186, ,car,290,EUR,290.0,1589.0
135,186, ,car,28000,RUB,292.53,1598.1
135,187,1,flight,35,EUR,35.0,535.0
135,187, ,car,190,EUR,190.0,1049.6
135,187, ,car,18000,RUB,188.05,1058.7
135,189,1,flight,13000,INR,154.22,735.0
135,189, ,car,70000,INR,830.41,6455.1
135,189, ,car,80000,RUB,835.79,6469.8
135,190,1,flight,95,EUR,95.0,265.0
135,190, ,car,230,EUR,230.0,896.0
135,190, ,car,21000,RUB,219.4,896.2
135,191,1,flight,340,PLN,73.03,250.0
135,191, ,car,650,PLN,139.62,806.6
135,191, ,car,13000,RUB,135.82,804.2
135,192,1,flight,29,CHF,28.1,130.0
135,192, ,car,150,CHF,145.35,756.7
135,192, ,car,14000,RUB,146.26,765.7
135,193,1,flight,430,SEK,40.06,150.0
135,193, ,car,3100,SEK,288.81,1255.0
135,193, ,car,27000,RUB,282.08,1252.6
135,193,1,flight,430,SEK,40.06,150.0
135,193, ,car,3100,SEK,288.81,1255.0
135,193, ,car,27000,RUB,282.08,1252.6
135,194,1,flight,75,GBP,89.86,395.0
135,196,1,flight,45,EUR,45.0,135.0
135,196, ,car,170,EUR,170.0,820.6
135,196,1,flight,40000,RUB,417.9,1094.0
135,196, ,car,16000,RUB,167.16,818.2
135,196,1,flight,45,EUR,45.0,135.0
135,196, ,car,170,EUR,170.0,820.6
135,196,1,flight,40000,RUB,417.9,1094.0
135,196, ,car,16000,RUB,167.16,818.2
135,197,1,flight,65,EUR,65.0,120.0
135,197, ,car,160,EUR,160.0,743.4
135,197, ,car,15000,RUB,156.71,741.0
135,200,1,flight,80,EUR,80.0,100.0
135,201,1,flight,55,EUR,55.0,310.0
135,201, ,car,340,EUR,340.0,1908.8
135,201, ,car,33000,RUB,344.76,1906.4
135,202,1,flight,120,EUR,120.0,190.0
135,202, ,car,100,EUR,100.0,556.0
135,202, ,car,9500,RUB,99.25,565.1
135,203,1,flight,19,GBP,22.76,425.0
135,204, ,car,16000,HUF,43.4,302.9
135,204, ,car,4000,RUB,41.79,300.5
135,205,1,flight,21,EUR,21.0,265.0
135,206,1,flight,1200,TRY,74.75,225.0
135,206, ,car,2600,TRY,161.97,840.1
135,206, ,car,16000,RUB,167.16,854.8
136,100,1,flight,400,USD,358.33,1070.0
136,101,1,flight,16,GBP,19.17,315.0
136,103, ,car,190,EUR,190.0,809.8
136,104,1,flight,15,EUR,15.0,240.0
136,104, ,car,220,EUR,220.0,975.6
136,105,1,flight,25,EUR,25.0,355.0
136,105, ,car,270,EUR,270.0,1337.7
136,106, ,car,290,EUR,290.0,1482.2
136,107,1,flight,110,DKK,14.78,235.0
136,107, ,car,1300,DKK,174.72,758.8
136,108,1,flight,95,DKK,12.77,270.0
136,108, ,car,1300,DKK,174.72,718.7
136,109, ,car,130,EUR,130.0,555.3
136,111, ,car,160,EUR,160.0,662.1
136,112,1,flight,2100,TRY,130.82,320.0
136,112, ,car,4300,TRY,267.87,1499.7
136,113,1,flight,360,TRY,22.43,430.0
136,113, ,car,3600,TRY,224.26,1141.0
136,114,1,flight,1000,TRY,62.3,150.0
136,114, ,car,4000,TRY,249.18,1388.7
136,115, ,car,85,CHF,82.36,400.4
136,116, ,car,130,EUR,130.0,620.5
136,116,1,flight,13,EUR,13.0,110.0
136,116, ,car,130,EUR,130.0,620.4
136,116, ,car,130,EUR,130.0,620.5
136,116,1,flight,13,EUR,13.0,110.0
136,116, ,car,130,EUR,130.0,620.4
136,117,1,flight,60,USD,53.75,100.0
136,117, ,car,170,USD,152.29,767.6
136,118, ,car,65,USD,58.23,352.6
136,119,1,flight,14,GBP,16.77,280.0
136,119,1,flight,14,GBP,16.77,445.0
136,119,1,flight,14,GBP,16.77,280.0
136,119,1,flight,14,GBP,16.77,445.0
136,120,1,flight,40,GBP,47.93,155.0
136,123, ,car,9000,HUF,24.41,139.7
136,124,1,flight,27,EUR,27.0,385.0
136,124, ,car,75,EUR,75.0,370.5
136,126,1,flight,28,EUR,28.0,395.0
136,126, ,car,220,EUR,220.0,1032.3
136,127, ,car,1200,DKK,161.28,670.3
136,128,1,flight,20,EUR,20.0,285.0
136,128, ,car,210,EUR,210.0,1057.7
136,129,1,flight,19,EUR,19.0,475.0
136,129, ,car,230,EUR,230.0,1178.6
136,130,1,flight,10,EUR,10.0,85.0
136,130, ,car,100,EUR,100.0,453.0
136,131,1,flight,2200,NOK,218.09,330.0
136,131, ,car,3700,NOK,366.78,1556.7
136,132,1,flight,200,NOK,19.83,510.0
136,132, ,car,5000,NOK,495.65,2092.0
136,134,1,flight,19,USD,17.02,345.0
136,134, ,car,130,USD,116.46,665.0
136,135, ,car,7500,RSD,-1,312.7
136,135, ,car,5500,RUB,57.46,308.2
136,135, ,car,7500,RSD,-1,312.7
136,135, ,car,5500,RUB,57.46,308.2
136,137,1,flight,18,EUR,18.0,350.0
136,137, ,car,210,EUR,210.0,1001.5
136,139, ,car,390,CZK,15.54,84.4
136,139, ,towncar,3200,CZK,127.54,84.4
136,139, ,towncar,0,,0,84.4
136,140, ,car,100,EUR,100.0,512.3
136,141, ,car,10000,RUB,104.47,537.8
136,145, ,car,110,EUR,110.0,506.3
136,146,1,flight,18,EUR,18.0,105.0
136,147,1,flight,110,DKK,14.78,105.0
136,147, ,car,1300,DKK,174.72,768.3
136,147, ,car,1300,DKK,174.72,757.3
136,147,1,flight,110,DKK,14.78,105.0
136,147, ,car,1300,DKK,174.72,768.3
136,147, ,car,1300,DKK,174.72,757.3
136,150,1,flight,21,EUR,21.0,285.0
136,151,1,flight,19,EUR,19.0,320.0
136,152,1,flight,15,EUR,15.0,135.0
136,153, ,car,85,USD,76.14,472.7
136,154, ,car,170,EUR,170.0,788.0
136,155, ,car,140,EUR,140.0,666.2
136,156, ,car,180,EUR,180.0,840.8
136,159, ,car,110,EUR,110.0,515.0
136,160, ,car,55,EUR,55.0,288.3
136,161, ,car,120,EUR,120.0,538.9
136,161, ,car,130,EUR,130.0,580.1
136,161, ,car,11000,RUB,114.92,550.8
136,161, ,car,120,EUR,120.0,538.9
136,161, ,car,130,EUR,130.0,580.1
136,161, ,car,11000,RUB,114.92,550.8
136,161, ,car,120,EUR,120.0,538.9
136,161, ,car,130,EUR,130.0,580.1
136,161, ,car,11000,RUB,114.92,550.8
136,162,1,flight,35,EUR,35.0,180.0
136,163,1,flight,987,TRY,61.49,215.0
136,163, ,car,4100,TRY,255.41,1335.6
136,164, ,car,850,HRK,112.55,639.0
136,166,1,flight,21,GBP,25.16,160.0
136,169, ,car,1200,DKK,161.28,667.1
136,171,1,flight,100,ILS,25.33,845.0
136,172,1,flight,16,EUR,16.0,105.0
136,172, ,car,150,EUR,150.0,605.3
136,174, ,car,95,EUR,95.0,424.6
136,174, ,car,100,EUR,100.0,487.4
136,174, ,car,95,EUR,95.0,424.6
136,174, ,car,100,EUR,100.0,487.4
136,175, ,car,80,EUR,80.0,388.9
136,176,1,flight,30,EUR,30.0,525.0
136,177, ,car,120,EUR,120.0,509.4
136,178, ,car,3800,NOK,376.69,1652.6
136,179,1,flight,29,EUR,29.0,455.0
136,179, ,car,380,EUR,380.0,1722.3
136,180,1,flight,40,EUR,40.0,500.0
136,181, ,car,28,EUR,28.0,151.6
136,183,1,flight,17,USD,15.23,380.0
136,184,1,flight,15,GBP,17.97,285.0
136,184,1,flight,15,GBP,17.97,285.0
136,185, ,car,280,EUR,280.0,1618.1
136,186,1,flight,35,EUR,35.0,515.0
136,186, ,car,300,EUR,300.0,1534.8
136,187,1,flight,40,EUR,40.0,320.0
136,187, ,car,200,EUR,200.0,995.4
136,189, ,car,85000,INR,1008.35,6762.6
136,190, ,car,150,EUR,150.0,608.0
136,191,1,flight,120,PLN,25.78,275.0
136,191, ,car,470,PLN,100.96,516.0
136,192, ,car,130,CHF,125.97,615.4
136,193,1,flight,150,SEK,13.97,415.0
136,193, ,car,2300,SEK,214.28,964.4
136,193,1,flight,150,SEK,13.97,415.0
136,193, ,car,2300,SEK,214.28,964.4
136,196,1,flight,14,EUR,14.0,410.0
136,196, ,car,110,EUR,110.0,530.0
136,196,1,flight,14,EUR,14.0,410.0
136,196, ,car,110,EUR,110.0,530.0
136,197, ,car,100,EUR,100.0,452.8
136,200,1,flight,100,EUR,100.0,145.0
136,201,1,flight,17,EUR,17.0,335.0
136,201, ,car,280,EUR,280.0,1618.2
136,202, ,car,65,EUR,65.0,329.2
136,203,1,flight,18,GBP,21.57,320.0
136,204, ,car,18000,HUF,48.83,257.1
136,205,1,flight,21,EUR,21.0,245.0
136,206,1,flight,300,TRY,18.69,515.0
136,206, ,car,3600,TRY,224.26,1147.6
137,100,1,flight,490,USD,438.95,890.0
137,101,1,flight,45,GBP,53.92,230.0
137,103,1,flight,50,EUR,50.0,350.0
137,103, ,car,380,EUR,380.0,1624.4
137,104,1,flight,45,EUR,45.0,190.0
137,104, ,car,410,EUR,410.0,1790.2
137,105,1,flight,26,EUR,26.0,95.0
137,105, ,car,110,EUR,110.0,568.4
137,106,1,flight,65,EUR,65.0,225.0
137,106, ,car,140,EUR,140.0,712.8
137,107,1,flight,850,DKK,114.24,290.0
137,107, ,car,1800,DKK,241.92,1031.4
137,108,1,flight,480,DKK,64.51,405.0
137,108, ,car,1700,DKK,228.48,991.4
137,109,1,flight,60,EUR,60.0,320.0
137,109, ,car,180,EUR,180.0,790.2
137,111,1,flight,45,EUR,45.0,110.0
137,111, ,car,140,EUR,140.0,623.4
137,112,1,flight,5000,TRY,311.48,490.0
137,112, ,car,7000,TRY,436.07,2314.3
137,113,1,flight,4100,TRY,255.41,365.0
137,113, ,car,6500,TRY,404.92,1955.6
137,114,1,flight,500,TRY,31.15,355.0
137,114, ,car,6500,TRY,404.92,2203.3
137,115, ,car,130,CHF,125.97,626.1
137,116,1,flight,30,EUR,30.0,90.0
137,116, ,car,100,EUR,100.0,503.2
137,116,1,flight,20,EUR,20.0,95.0
137,116, ,car,100,EUR,100.0,483.3
137,116,1,flight,30,EUR,30.0,90.0
137,116, ,car,100,EUR,100.0,503.2
137,116,1,flight,20,EUR,20.0,95.0
137,116, ,car,100,EUR,100.0,483.3
137,117,1,flight,70,USD,62.71,400.0
137,117, ,car,370,USD,331.45,1582.2
137,118,1,flight,17,USD,15.23,365.0
137,118, ,car,230,USD,206.04,1026.5
137,119,1,flight,40,GBP,47.93,130.0
137,119,1,flight,40,GBP,47.93,320.0
